<?xml version="1.0" encoding="UTF-8"?>
<tns:smo xmlns:httpsca="http://www.ibm.com/xmlns/prod/websphere/http/sca/6.1.0"
    xmlns:mq="http://www.ibm.com/xmlns/prod/websphere/mq/sca/6.0.0"
    xmlns:p="http://InRemLib"
    xmlns:p1="urn:iso:std:iso:20022:tech:xsd:pain.001.001.05"
    xmlns:p2="urn:iso:std:iso:20022:tech:xsd:pain.002.001.05"
    xmlns:p3="urn:iso:std:iso:20022:tech:xsd:pain.007.001.04"
    xmlns:p4="urn:iso:std:iso:20022:tech:xsd:pain.011.001.03"
    xmlns:tns="http://www.ibm.com/websphere/sibx/smo/v6.0.1"
    xmlns:tns1="urn:tcb:iso:20022:xsd:ft.001.001.01"
    xmlns:tns2="urn:tcb:iso:20022:xsd:cstmft.001.001.01"
    xmlns:tns3="http://www.w3.org/2005/08/addressing"
    xmlns:tns4="http://www.w3.org/2003/05/soap-envelope"
    xmlns:tns_1="wsdl.http://www.techcombank.com.vn/services/vision_fx_gold/"
    xmlns:wsa="http://schemas.xmlsoap.org/ws/2004/08/addressing"
    xmlns:xsi="http://www.w3.org/2001/XMLSchema-instance" xsi:schemaLocation="http://www.ibm.com/websphere/sibx/smo/v6.0.1 foo.xsd ">
    <context>
        <correlation xsi:type="anyType"/>
        <transient>
            <CreateDate>2001-12-31T12:00:00</CreateDate>
            <HttpUserId>HttpUserId</HttpUserId>
            <HttpPassword>HttpPassword</HttpPassword>
            <IsLogging>true</IsLogging>
        </transient>
        <failInfo tns:lang="">
            <failureString>failureString</failureString>
            <origin>origin</origin>
            <invocationPath>
                <primitive inTerminal="" name="" outTerminal=""/>
            </invocationPath>
            <predecessor tns:lang=""/>
        </failInfo>
        <primitiveContext>
            <EndpointLookupContext>
                <endpointReference>
                    <wsa:Address>http://tempuri.org</wsa:Address>
                    <wsa:ReferenceProperties/>
                    <wsa:ReferenceParameters/>
                    <wsa:PortType>QName</wsa:PortType>
                    <wsa:ServiceName PortName="NCName">QName</wsa:ServiceName>
                </endpointReference>
                <registryAnnotations>
                    <property>
                        <name>name</name>
                        <value>value</value>
                    </property>
                    <classification>http://tempuri.org</classification>
                    <relationship>
                        <relationshipName>relationshipName</relationshipName>
                        <targetName>targetName</targetName>
                        <targetNamespace>http://tempuri.org</targetNamespace>
                        <targetVersion>targetVersion</targetVersion>
                    </relationship>
                </registryAnnotations>
            </EndpointLookupContext>
            <FanOutContext>
                <iteration>0</iteration>
                <occurrence xsi:type="anyType"/>
            </FanOutContext>
            <WTXContext>
                <mapServerLocation>http://tempuri.org</mapServerLocation>
                <dynamicMap>0F00</dynamicMap>
                <mapInstances>
                    <mapInstance>0</mapInstance>
                    <auditInfo>auditInfo</auditInfo>
                </mapInstances>
            </WTXContext>
        </primitiveContext>
        <shared xsi:type="anyType"/>
        <dynamicProperty isPropagated="true">
            <propertySets>
                <group>group</group>
                <properties>
                    <name>name</name>
                    <value>value</value>
                    <type>type</type>
                </properties>
            </propertySets>
        </dynamicProperty>
        <userContext>
            <entries>
                <name>name</name>
                <value xsi:type="anyType"/>
                <type>type</type>
            </entries>
        </userContext>
    </context>
    <headers>
        <SMOHeader>
            <MessageUUID>MessageUUID</MessageUUID>
            <Version>
                <Version>0</Version>
                <Release>0</Release>
                <Modification>0</Modification>
            </Version>
            <MessageType>MessageType</MessageType>
            <Operation>Operation</Operation>
            <Action>Action</Action>
            <Target bindingType="NotSet" import="" repositoryMetadata="">
                <address>http://tempuri.org</address>
            </Target>
            <AlternateTarget bindingType="NotSet" import="" repositoryMetadata="">
                <address>http://tempuri.org</address>
            </AlternateTarget>
            <SourceNode>SourceNode</SourceNode>
            <SourceBindingType>NotSet</SourceBindingType>
            <Interface>Interface</Interface>
        </SMOHeader>
        <JMSHeader>
            <JMSDestination>http://tempuri.org</JMSDestination>
            <JMSDeliveryMode>NonPersistent</JMSDeliveryMode>
            <JMSMessageID>JMSMessageID</JMSMessageID>
            <JMSTimestamp>0</JMSTimestamp>
            <JMSCorrelationID>JMSCorrelationID</JMSCorrelationID>
            <JMSReplyTo>http://tempuri.org</JMSReplyTo>
            <JMSRedelivered>true</JMSRedelivered>
            <JMSType>JMSType</JMSType>
            <JMSExpiration>0</JMSExpiration>
            <JMSPriority>0</JMSPriority>
        </JMSHeader>
        <SOAPHeader>
            <nameSpace>http://tempuri.org</nameSpace>
            <name>NCName</name>
            <prefix>NCName</prefix>
            <value xsi:type="anyType"/>
        </SOAPHeader>
        <SOAPFaultInfo>
            <faultcode>QName</faultcode>
            <faultstring>faultstring</faultstring>
            <faultactor>http://tempuri.org</faultactor>
            <extendedFaultInfo>
                <Code>
                    <tns4:Value>{http://www.w3.org/2003/05/soap-envelope}DataEncodingUnknown</tns4:Value>
                    <tns4:Subcode>
                        <tns4:Value>QName</tns4:Value>
                        <tns4:Subcode/>
                    </tns4:Subcode>
                </Code>
                <Reason>
                    <tns4:Text tns4:lang="">tns4:Text</tns4:Text>
                </Reason>
                <Node>http://tempuri.org</Node>
                <Role>http://tempuri.org</Role>
            </extendedFaultInfo>
        </SOAPFaultInfo>
        <properties>
            <name>name</name>
            <value>value</value>
            <type>type</type>
        </properties>
        <MQHeader>
            <md>
                <Report>0</Report>
                <MsgType>0</MsgType>
                <Expiry>0</Expiry>
                <Feedback>0</Feedback>
                <Priority>0</Priority>
                <Persistence>0</Persistence>
                <MsgId>0F00</MsgId>
                <CorrelId>0F00</CorrelId>
                <BackoutCount>0</BackoutCount>
                <ReplyToQ>ReplyToQ</ReplyToQ>
                <ReplyToQMgr>ReplyToQMgr</ReplyToQMgr>
                <UserIdentifier>UserIdentifier</UserIdentifier>
                <AccountingToken>0F00</AccountingToken>
                <ApplIdentityData>ApplIdentityData</ApplIdentityData>
                <PutApplType>0</PutApplType>
                <PutApplName>PutApplName</PutApplName>
                <PutDate>PutDate</PutDate>
                <PutTime>PutTime</PutTime>
                <ApplOriginData>ApplOriginData</ApplOriginData>
                <GroupId>0F00</GroupId>
                <MsgSeqNumber>0</MsgSeqNumber>
                <Offset>0</Offset>
                <MsgFlags>0</MsgFlags>
                <OriginalLength>0</OriginalLength>
            </md>
            <control xsi:type="mq:MQControl">
                <Encoding>0</Encoding>
                <CodedCharSetId>0</CodedCharSetId>
                <Format>Format</Format>
            </control>
            <header>
                <Encoding>0</Encoding>
                <CodedCharSetId>0</CodedCharSetId>
                <Format>Format</Format>
                <value xsi:type="anyType"/>
            </header>
        </MQHeader>
        <HTTPHeader>
            <control>
                <httpsca:URL>http://tempuri.org</httpsca:URL>
                <httpsca:Version>1.0</httpsca:Version>
                <httpsca:Method>httpsca:Method</httpsca:Method>
                <httpsca:DynamicOverrideURL>http://tempuri.org</httpsca:DynamicOverrideURL>
                <httpsca:DynamicOverrideVersion>1.0</httpsca:DynamicOverrideVersion>
                <httpsca:DynamicOverrideMethod>httpsca:DynamicOverrideMethod</httpsca:DynamicOverrideMethod>
                <httpsca:MediaType>httpsca:MediaType</httpsca:MediaType>
                <httpsca:Charset>httpsca:Charset</httpsca:Charset>
                <httpsca:TransferEncoding>httpsca:TransferEncoding</httpsca:TransferEncoding>
                <httpsca:ContentEncoding>httpsca:ContentEncoding</httpsca:ContentEncoding>
                <httpsca:StatusCode>0</httpsca:StatusCode>
                <httpsca:ReasonPhrase>httpsca:ReasonPhrase</httpsca:ReasonPhrase>
                <httpsca:ContentLength>0</httpsca:ContentLength>
                <httpsca:ExportContextPath>httpsca:ExportContextPath</httpsca:ExportContextPath>
                <httpsca:Authentication>
                    <httpsca:credentials>
                        <httpsca:userId>httpsca:userId</httpsca:userId>
                        <httpsca:password>httpsca:password</httpsca:password>
                    </httpsca:credentials>
                    <httpsca:authenticationType>Basic</httpsca:authenticationType>
                </httpsca:Authentication>
                <httpsca:SSLSettings>
                    <httpsca:SSLVersion>SSL</httpsca:SSLVersion>
                    <httpsca:SSLDebug>false</httpsca:SSLDebug>
                    <httpsca:KeyStoreType>JKS</httpsca:KeyStoreType>
                    <httpsca:TrustStoreType>JKS</httpsca:TrustStoreType>
                    <httpsca:KeyStore>httpsca:KeyStore</httpsca:KeyStore>
                    <httpsca:KeyStoreAlias>httpsca:KeyStoreAlias</httpsca:KeyStoreAlias>
                    <httpsca:KeyStorePassword>httpsca:KeyStorePassword</httpsca:KeyStorePassword>
                    <httpsca:TrustStore>httpsca:TrustStore</httpsca:TrustStore>
                    <httpsca:TrustStorePassword>httpsca:TrustStorePassword</httpsca:TrustStorePassword>
                    <httpsca:UseClientAuth>false</httpsca:UseClientAuth>
                </httpsca:SSLSettings>
                <httpsca:ProxySettings>
                    <httpsca:proxyHost>httpsca:proxyHost</httpsca:proxyHost>
                    <httpsca:proxyPort>0</httpsca:proxyPort>
                    <httpsca:proxyType>http</httpsca:proxyType>
                    <httpsca:proxyCredentials>
                        <httpsca:userId>httpsca:userId</httpsca:userId>
                        <httpsca:password>httpsca:password</httpsca:password>
                    </httpsca:proxyCredentials>
                    <httpsca:nonProxyHost>httpsca:nonProxyHost</httpsca:nonProxyHost>
                </httpsca:ProxySettings>
            </control>
            <header>
                <httpsca:name>httpsca:name</httpsca:name>
                <httpsca:value>httpsca:value</httpsca:value>
            </header>
        </HTTPHeader>
        <EISHeader>
            <EISInteractionSpec xsi:type="anyType"/>
            <EISConnectionSpec xsi:type="anyType"/>
        </EISHeader>
        <WSAHeader version="http://www.w3.org/2005/08/addressing">
            <tns3:To>http://tempuri.org</tns3:To>
            <ReferenceParameters/>
            <tns3:From>
                <tns3:Address>http://tempuri.org</tns3:Address>
                <tns3:ReferenceParameters/>
                <tns3:Metadata/>
            </tns3:From>
            <tns3:ReplyTo>
                <tns3:Address>http://tempuri.org</tns3:Address>
                <tns3:ReferenceParameters/>
                <tns3:Metadata/>
            </tns3:ReplyTo>
            <tns3:FaultTo>
                <tns3:Address>http://tempuri.org</tns3:Address>
                <tns3:ReferenceParameters/>
                <tns3:Metadata/>
            </tns3:FaultTo>
            <tns3:Action>http://tempuri.org</tns3:Action>
            <tns3:MessageID>http://tempuri.org</tns3:MessageID>
            <tns3:RelatesTo RelationshipType="http://www.w3.org/2005/08/addressing/reply">http://tempuri.org</tns3:RelatesTo>
        </WSAHeader>
    </headers>
    <body>
        <tns1:IntlTrfRspnV01>
            <p2:GrpHdr>
                <p2:MsgId>p2:MsgId</p2:MsgId>
                <p2:CreDtTm>2001-12-31T12:00:00</p2:CreDtTm>
                <p2:InitgPty>
                    <p2:Nm>p2:Nm</p2:Nm>
                    <p2:PstlAdr>
                        <p2:AdrTp>ADDR</p2:AdrTp>
                        <p2:Dept>p2:Dept</p2:Dept>
                        <p2:SubDept>p2:SubDept</p2:SubDept>
                        <p2:StrtNm>p2:StrtNm</p2:StrtNm>
                        <p2:BldgNb>p2:BldgNb</p2:BldgNb>
                        <p2:PstCd>p2:PstCd</p2:PstCd>
                        <p2:TwnNm>p2:TwnNm</p2:TwnNm>
                        <p2:CtrySubDvsn>p2:CtrySubDvsn</p2:CtrySubDvsn>
                        <p2:Ctry>p2:Ctry</p2:Ctry>
                        <p2:AdrLine>p2:AdrLine</p2:AdrLine>
                    </p2:PstlAdr>
                    <p2:Id>
                        <p2:OrgId>
                            <p2:AnyBIC>p2:AnyBIC</p2:AnyBIC>
                            <p2:Othr>
                                <p2:Id>p2:Id</p2:Id>
                                <p2:SchmeNm>
                                    <p2:Cd>p2:Cd</p2:Cd>
                                </p2:SchmeNm>
                                <p2:Issr>p2:Issr</p2:Issr>
                            </p2:Othr>
                        </p2:OrgId>
                    </p2:Id>
                    <p2:CtryOfRes>p2:CtryOfRes</p2:CtryOfRes>
                    <p2:CtctDtls>
                        <p2:NmPrfx>DOCT</p2:NmPrfx>
                        <p2:Nm>p2:Nm</p2:Nm>
                        <p2:PhneNb>p2:PhneNb</p2:PhneNb>
                        <p2:MobNb>p2:MobNb</p2:MobNb>
                        <p2:FaxNb>p2:FaxNb</p2:FaxNb>
                        <p2:EmailAdr>p2:EmailAdr</p2:EmailAdr>
                        <p2:Othr>p2:Othr</p2:Othr>
                    </p2:CtctDtls>
                </p2:InitgPty>
                <p2:FwdgAgt>
                    <p2:FinInstnId>
                        <p2:BICFI>p2:BICFI</p2:BICFI>
                        <p2:ClrSysMmbId>
                            <p2:ClrSysId>
                                <p2:Cd>p2:Cd</p2:Cd>
                            </p2:ClrSysId>
                            <p2:MmbId>p2:MmbId</p2:MmbId>
                        </p2:ClrSysMmbId>
                        <p2:Nm>p2:Nm</p2:Nm>
                        <p2:PstlAdr>
                            <p2:AdrTp>ADDR</p2:AdrTp>
                            <p2:Dept>p2:Dept</p2:Dept>
                            <p2:SubDept>p2:SubDept</p2:SubDept>
                            <p2:StrtNm>p2:StrtNm</p2:StrtNm>
                            <p2:BldgNb>p2:BldgNb</p2:BldgNb>
                            <p2:PstCd>p2:PstCd</p2:PstCd>
                            <p2:TwnNm>p2:TwnNm</p2:TwnNm>
                            <p2:CtrySubDvsn>p2:CtrySubDvsn</p2:CtrySubDvsn>
                            <p2:Ctry>p2:Ctry</p2:Ctry>
                            <p2:AdrLine>p2:AdrLine</p2:AdrLine>
                        </p2:PstlAdr>
                        <p2:Othr>
                            <p2:Id>p2:Id</p2:Id>
                            <p2:SchmeNm>
                                <p2:Cd>p2:Cd</p2:Cd>
                            </p2:SchmeNm>
                            <p2:Issr>p2:Issr</p2:Issr>
                        </p2:Othr>
                    </p2:FinInstnId>
                    <p2:BrnchId>
                        <p2:Id>p2:Id</p2:Id>
                        <p2:Nm>p2:Nm</p2:Nm>
                        <p2:PstlAdr>
                            <p2:AdrTp>ADDR</p2:AdrTp>
                            <p2:Dept>p2:Dept</p2:Dept>
                            <p2:SubDept>p2:SubDept</p2:SubDept>
                            <p2:StrtNm>p2:StrtNm</p2:StrtNm>
                            <p2:BldgNb>p2:BldgNb</p2:BldgNb>
                            <p2:PstCd>p2:PstCd</p2:PstCd>
                            <p2:TwnNm>p2:TwnNm</p2:TwnNm>
                            <p2:CtrySubDvsn>p2:CtrySubDvsn</p2:CtrySubDvsn>
                            <p2:Ctry>p2:Ctry</p2:Ctry>
                            <p2:AdrLine>p2:AdrLine</p2:AdrLine>
                        </p2:PstlAdr>
                    </p2:BrnchId>
                </p2:FwdgAgt>
                <p2:DbtrAgt>
                    <p2:FinInstnId>
                        <p2:BICFI>p2:BICFI</p2:BICFI>
                        <p2:ClrSysMmbId>
                            <p2:ClrSysId>
                                <p2:Cd>p2:Cd</p2:Cd>
                            </p2:ClrSysId>
                            <p2:MmbId>p2:MmbId</p2:MmbId>
                        </p2:ClrSysMmbId>
                        <p2:Nm>p2:Nm</p2:Nm>
                        <p2:PstlAdr>
                            <p2:AdrTp>ADDR</p2:AdrTp>
                            <p2:Dept>p2:Dept</p2:Dept>
                            <p2:SubDept>p2:SubDept</p2:SubDept>
                            <p2:StrtNm>p2:StrtNm</p2:StrtNm>
                            <p2:BldgNb>p2:BldgNb</p2:BldgNb>
                            <p2:PstCd>p2:PstCd</p2:PstCd>
                            <p2:TwnNm>p2:TwnNm</p2:TwnNm>
                            <p2:CtrySubDvsn>p2:CtrySubDvsn</p2:CtrySubDvsn>
                            <p2:Ctry>p2:Ctry</p2:Ctry>
                            <p2:AdrLine>p2:AdrLine</p2:AdrLine>
                        </p2:PstlAdr>
                        <p2:Othr>
                            <p2:Id>p2:Id</p2:Id>
                            <p2:SchmeNm>
                                <p2:Cd>p2:Cd</p2:Cd>
                            </p2:SchmeNm>
                            <p2:Issr>p2:Issr</p2:Issr>
                        </p2:Othr>
                    </p2:FinInstnId>
                    <p2:BrnchId>
                        <p2:Id>p2:Id</p2:Id>
                        <p2:Nm>p2:Nm</p2:Nm>
                        <p2:PstlAdr>
                            <p2:AdrTp>ADDR</p2:AdrTp>
                            <p2:Dept>p2:Dept</p2:Dept>
                            <p2:SubDept>p2:SubDept</p2:SubDept>
                            <p2:StrtNm>p2:StrtNm</p2:StrtNm>
                            <p2:BldgNb>p2:BldgNb</p2:BldgNb>
                            <p2:PstCd>p2:PstCd</p2:PstCd>
                            <p2:TwnNm>p2:TwnNm</p2:TwnNm>
                            <p2:CtrySubDvsn>p2:CtrySubDvsn</p2:CtrySubDvsn>
                            <p2:Ctry>p2:Ctry</p2:Ctry>
                            <p2:AdrLine>p2:AdrLine</p2:AdrLine>
                        </p2:PstlAdr>
                    </p2:BrnchId>
                </p2:DbtrAgt>
                <p2:CdtrAgt>
                    <p2:FinInstnId>
                        <p2:BICFI>p2:BICFI</p2:BICFI>
                        <p2:ClrSysMmbId>
                            <p2:ClrSysId>
                                <p2:Cd>p2:Cd</p2:Cd>
                            </p2:ClrSysId>
                            <p2:MmbId>p2:MmbId</p2:MmbId>
                        </p2:ClrSysMmbId>
                        <p2:Nm>p2:Nm</p2:Nm>
                        <p2:PstlAdr>
                            <p2:AdrTp>ADDR</p2:AdrTp>
                            <p2:Dept>p2:Dept</p2:Dept>
                            <p2:SubDept>p2:SubDept</p2:SubDept>
                            <p2:StrtNm>p2:StrtNm</p2:StrtNm>
                            <p2:BldgNb>p2:BldgNb</p2:BldgNb>
                            <p2:PstCd>p2:PstCd</p2:PstCd>
                            <p2:TwnNm>p2:TwnNm</p2:TwnNm>
                            <p2:CtrySubDvsn>p2:CtrySubDvsn</p2:CtrySubDvsn>
                            <p2:Ctry>p2:Ctry</p2:Ctry>
                            <p2:AdrLine>p2:AdrLine</p2:AdrLine>
                        </p2:PstlAdr>
                        <p2:Othr>
                            <p2:Id>p2:Id</p2:Id>
                            <p2:SchmeNm>
                                <p2:Cd>p2:Cd</p2:Cd>
                            </p2:SchmeNm>
                            <p2:Issr>p2:Issr</p2:Issr>
                        </p2:Othr>
                    </p2:FinInstnId>
                    <p2:BrnchId>
                        <p2:Id>p2:Id</p2:Id>
                        <p2:Nm>p2:Nm</p2:Nm>
                        <p2:PstlAdr>
                            <p2:AdrTp>ADDR</p2:AdrTp>
                            <p2:Dept>p2:Dept</p2:Dept>
                            <p2:SubDept>p2:SubDept</p2:SubDept>
                            <p2:StrtNm>p2:StrtNm</p2:StrtNm>
                            <p2:BldgNb>p2:BldgNb</p2:BldgNb>
                            <p2:PstCd>p2:PstCd</p2:PstCd>
                            <p2:TwnNm>p2:TwnNm</p2:TwnNm>
                            <p2:CtrySubDvsn>p2:CtrySubDvsn</p2:CtrySubDvsn>
                            <p2:Ctry>p2:Ctry</p2:Ctry>
                            <p2:AdrLine>p2:AdrLine</p2:AdrLine>
                        </p2:PstlAdr>
                    </p2:BrnchId>
                </p2:CdtrAgt>
            </p2:GrpHdr>
            <p2:OrgnlGrpInfAndSts>
                <p2:OrgnlMsgId>p2:OrgnlMsgId</p2:OrgnlMsgId>
                <p2:OrgnlMsgNmId>p2:OrgnlMsgNmId</p2:OrgnlMsgNmId>
                <p2:OrgnlCreDtTm>2001-12-31T12:00:00</p2:OrgnlCreDtTm>
                <p2:OrgnlNbOfTxs>p2:OrgnlNbOfTxs</p2:OrgnlNbOfTxs>
                <p2:OrgnlCtrlSum>0.0</p2:OrgnlCtrlSum>
                <p2:GrpSts>ACTC</p2:GrpSts>
                <p2:StsRsnInf>
                    <p2:AddtlInf>9880_ESB.BPM_I_INAU_OFS_BPM</p2:AddtlInf>
                    <p2:AddtlInf>9880_ESB.BPM_OFS_BPM</p2:AddtlInf>
                </p2:StsRsnInf>
                <p2:NbOfTxsPerSts>
                    <p2:DtldNbOfTxs>p2:DtldNbOfTxs</p2:DtldNbOfTxs>
                    <p2:DtldSts>ACTC</p2:DtldSts>
                    <p2:DtldCtrlSum>0.0</p2:DtldCtrlSum>
                </p2:NbOfTxsPerSts>
            </p2:OrgnlGrpInfAndSts>
            <p2:OrgnlPmtInfAndSts>
                <p2:OrgnlPmtInfId>p2:OrgnlPmtInfId</p2:OrgnlPmtInfId>
                <p2:OrgnlNbOfTxs>p2:OrgnlNbOfTxs</p2:OrgnlNbOfTxs>
                <p2:OrgnlCtrlSum>0.0</p2:OrgnlCtrlSum>
                <p2:PmtInfSts>ACTC</p2:PmtInfSts>
                <p2:StsRsnInf>
                    <p2:Orgtr>
                        <p2:Nm>p2:Nm</p2:Nm>
                        <p2:PstlAdr>
                            <p2:AdrTp>ADDR</p2:AdrTp>
                            <p2:Dept>p2:Dept</p2:Dept>
                            <p2:SubDept>p2:SubDept</p2:SubDept>
                            <p2:StrtNm>p2:StrtNm</p2:StrtNm>
                            <p2:BldgNb>p2:BldgNb</p2:BldgNb>
                            <p2:PstCd>p2:PstCd</p2:PstCd>
                            <p2:TwnNm>p2:TwnNm</p2:TwnNm>
                            <p2:CtrySubDvsn>p2:CtrySubDvsn</p2:CtrySubDvsn>
                            <p2:Ctry>p2:Ctry</p2:Ctry>
                            <p2:AdrLine>p2:AdrLine</p2:AdrLine>
                        </p2:PstlAdr>
                        <p2:Id>
                            <p2:OrgId>
                                <p2:AnyBIC>p2:AnyBIC</p2:AnyBIC>
                                <p2:Othr>
                                    <p2:Id>p2:Id</p2:Id>
                                    <p2:SchmeNm>
                                        <p2:Cd>p2:Cd</p2:Cd>
                                    </p2:SchmeNm>
                                    <p2:Issr>p2:Issr</p2:Issr>
                                </p2:Othr>
                            </p2:OrgId>
                        </p2:Id>
                        <p2:CtryOfRes>p2:CtryOfRes</p2:CtryOfRes>
                        <p2:CtctDtls>
                            <p2:NmPrfx>DOCT</p2:NmPrfx>
                            <p2:Nm>p2:Nm</p2:Nm>
                            <p2:PhneNb>p2:PhneNb</p2:PhneNb>
                            <p2:MobNb>p2:MobNb</p2:MobNb>
                            <p2:FaxNb>p2:FaxNb</p2:FaxNb>
                            <p2:EmailAdr>p2:EmailAdr</p2:EmailAdr>
                            <p2:Othr>p2:Othr</p2:Othr>
                        </p2:CtctDtls>
                    </p2:Orgtr>
                    <p2:Rsn>
                        <p2:Cd>p2:Cd</p2:Cd>
                    </p2:Rsn>
                    <p2:AddtlInf>p2:AddtlInf</p2:AddtlInf>
                </p2:StsRsnInf>
                <p2:NbOfTxsPerSts>
                    <p2:DtldNbOfTxs>p2:DtldNbOfTxs</p2:DtldNbOfTxs>
                    <p2:DtldSts>ACTC</p2:DtldSts>
                    <p2:DtldCtrlSum>0.0</p2:DtldCtrlSum>
                </p2:NbOfTxsPerSts>
                <p2:TxInfAndSts>
                    <p2:StsId>p2:StsId</p2:StsId>
                    <p2:OrgnlInstrId>p2:OrgnlInstrId</p2:OrgnlInstrId>
                    <p2:OrgnlEndToEndId>p2:OrgnlEndToEndId</p2:OrgnlEndToEndId>
                    <p2:TxSts>ACTC</p2:TxSts>
                    <p2:StsRsnInf>
                        <p2:Orgtr>
                            <p2:Nm>p2:Nm</p2:Nm>
                            <p2:PstlAdr>
                                <p2:AdrTp>ADDR</p2:AdrTp>
                                <p2:Dept>p2:Dept</p2:Dept>
                                <p2:SubDept>p2:SubDept</p2:SubDept>
                                <p2:StrtNm>p2:StrtNm</p2:StrtNm>
                                <p2:BldgNb>p2:BldgNb</p2:BldgNb>
                                <p2:PstCd>p2:PstCd</p2:PstCd>
                                <p2:TwnNm>p2:TwnNm</p2:TwnNm>
                                <p2:CtrySubDvsn>p2:CtrySubDvsn</p2:CtrySubDvsn>
                                <p2:Ctry>p2:Ctry</p2:Ctry>
                                <p2:AdrLine>p2:AdrLine</p2:AdrLine>
                            </p2:PstlAdr>
                            <p2:Id>
                                <p2:OrgId>
                                    <p2:AnyBIC>p2:AnyBIC</p2:AnyBIC>
                                    <p2:Othr>
                                        <p2:Id>p2:Id</p2:Id>
                                        <p2:SchmeNm>
                                            <p2:Cd>p2:Cd</p2:Cd>
                                        </p2:SchmeNm>
                                        <p2:Issr>p2:Issr</p2:Issr>
                                    </p2:Othr>
                                </p2:OrgId>
                            </p2:Id>
                            <p2:CtryOfRes>p2:CtryOfRes</p2:CtryOfRes>
                            <p2:CtctDtls>
                                <p2:NmPrfx>DOCT</p2:NmPrfx>
                                <p2:Nm>p2:Nm</p2:Nm>
                                <p2:PhneNb>p2:PhneNb</p2:PhneNb>
                                <p2:MobNb>p2:MobNb</p2:MobNb>
                                <p2:FaxNb>p2:FaxNb</p2:FaxNb>
                                <p2:EmailAdr>p2:EmailAdr</p2:EmailAdr>
                                <p2:Othr>p2:Othr</p2:Othr>
                            </p2:CtctDtls>
                        </p2:Orgtr>
                        <p2:Rsn>
                            <p2:Cd>p2:Cd</p2:Cd>
                        </p2:Rsn>
                        <p2:AddtlInf>p2:AddtlInf</p2:AddtlInf>
                    </p2:StsRsnInf>
                    <p2:ChrgsInf>
                        <p2:Amt Ccy="">0.0</p2:Amt>
                        <p2:Agt>
                            <p2:FinInstnId>
                                <p2:BICFI>p2:BICFI</p2:BICFI>
                                <p2:ClrSysMmbId>
                                    <p2:ClrSysId>
                                        <p2:Cd>p2:Cd</p2:Cd>
                                    </p2:ClrSysId>
                                    <p2:MmbId>p2:MmbId</p2:MmbId>
                                </p2:ClrSysMmbId>
                                <p2:Nm>p2:Nm</p2:Nm>
                                <p2:PstlAdr>
                                    <p2:AdrTp>ADDR</p2:AdrTp>
                                    <p2:Dept>p2:Dept</p2:Dept>
                                    <p2:SubDept>p2:SubDept</p2:SubDept>
                                    <p2:StrtNm>p2:StrtNm</p2:StrtNm>
                                    <p2:BldgNb>p2:BldgNb</p2:BldgNb>
                                    <p2:PstCd>p2:PstCd</p2:PstCd>
                                    <p2:TwnNm>p2:TwnNm</p2:TwnNm>
                                    <p2:CtrySubDvsn>p2:CtrySubDvsn</p2:CtrySubDvsn>
                                    <p2:Ctry>p2:Ctry</p2:Ctry>
                                    <p2:AdrLine>p2:AdrLine</p2:AdrLine>
                                </p2:PstlAdr>
                                <p2:Othr>
                                    <p2:Id>p2:Id</p2:Id>
                                    <p2:SchmeNm>
                                        <p2:Cd>p2:Cd</p2:Cd>
                                    </p2:SchmeNm>
                                    <p2:Issr>p2:Issr</p2:Issr>
                                </p2:Othr>
                            </p2:FinInstnId>
                            <p2:BrnchId>
                                <p2:Id>p2:Id</p2:Id>
                                <p2:Nm>p2:Nm</p2:Nm>
                                <p2:PstlAdr>
                                    <p2:AdrTp>ADDR</p2:AdrTp>
                                    <p2:Dept>p2:Dept</p2:Dept>
                                    <p2:SubDept>p2:SubDept</p2:SubDept>
                                    <p2:StrtNm>p2:StrtNm</p2:StrtNm>
                                    <p2:BldgNb>p2:BldgNb</p2:BldgNb>
                                    <p2:PstCd>p2:PstCd</p2:PstCd>
                                    <p2:TwnNm>p2:TwnNm</p2:TwnNm>
                                    <p2:CtrySubDvsn>p2:CtrySubDvsn</p2:CtrySubDvsn>
                                    <p2:Ctry>p2:Ctry</p2:Ctry>
                                    <p2:AdrLine>p2:AdrLine</p2:AdrLine>
                                </p2:PstlAdr>
                            </p2:BrnchId>
                        </p2:Agt>
                    </p2:ChrgsInf>
                    <p2:AccptncDtTm>2001-12-31T12:00:00</p2:AccptncDtTm>
                    <p2:AcctSvcrRef>p2:AcctSvcrRef</p2:AcctSvcrRef>
                    <p2:ClrSysRef>p2:ClrSysRef</p2:ClrSysRef>
                    <p2:OrgnlTxRef>
                        <p2:IntrBkSttlmAmt Ccy="">0.0</p2:IntrBkSttlmAmt>
                        <p2:Amt>
                            <p2:InstdAmt Ccy=""/>
                        </p2:Amt>
                        <p2:IntrBkSttlmDt>2001-01-01</p2:IntrBkSttlmDt>
                        <p2:ReqdColltnDt>2001-01-01</p2:ReqdColltnDt>
                        <p2:ReqdExctnDt>2001-01-01</p2:ReqdExctnDt>
                        <p2:CdtrSchmeId>
                            <p2:Nm>p2:Nm</p2:Nm>
                            <p2:PstlAdr>
                                <p2:AdrTp>ADDR</p2:AdrTp>
                                <p2:Dept>p2:Dept</p2:Dept>
                                <p2:SubDept>p2:SubDept</p2:SubDept>
                                <p2:StrtNm>p2:StrtNm</p2:StrtNm>
                                <p2:BldgNb>p2:BldgNb</p2:BldgNb>
                                <p2:PstCd>p2:PstCd</p2:PstCd>
                                <p2:TwnNm>p2:TwnNm</p2:TwnNm>
                                <p2:CtrySubDvsn>p2:CtrySubDvsn</p2:CtrySubDvsn>
                                <p2:Ctry>p2:Ctry</p2:Ctry>
                                <p2:AdrLine>p2:AdrLine</p2:AdrLine>
                            </p2:PstlAdr>
                            <p2:Id>
                                <p2:OrgId>
                                    <p2:AnyBIC>p2:AnyBIC</p2:AnyBIC>
                                    <p2:Othr>
                                        <p2:Id>p2:Id</p2:Id>
                                        <p2:SchmeNm>
                                            <p2:Cd>p2:Cd</p2:Cd>
                                        </p2:SchmeNm>
                                        <p2:Issr>p2:Issr</p2:Issr>
                                    </p2:Othr>
                                </p2:OrgId>
                            </p2:Id>
                            <p2:CtryOfRes>p2:CtryOfRes</p2:CtryOfRes>
                            <p2:CtctDtls>
                                <p2:NmPrfx>DOCT</p2:NmPrfx>
                                <p2:Nm>p2:Nm</p2:Nm>
                                <p2:PhneNb>p2:PhneNb</p2:PhneNb>
                                <p2:MobNb>p2:MobNb</p2:MobNb>
                                <p2:FaxNb>p2:FaxNb</p2:FaxNb>
                                <p2:EmailAdr>p2:EmailAdr</p2:EmailAdr>
                                <p2:Othr>p2:Othr</p2:Othr>
                            </p2:CtctDtls>
                        </p2:CdtrSchmeId>
                        <p2:SttlmInf>
                            <p2:SttlmMtd>INDA</p2:SttlmMtd>
                            <p2:SttlmAcct>
                                <p2:Id>
                                    <p2:IBAN>p2:IBAN</p2:IBAN>
                                </p2:Id>
                                <p2:Tp>
                                    <p2:Cd>p2:Cd</p2:Cd>
                                </p2:Tp>
                                <p2:Ccy>p2:Ccy</p2:Ccy>
                                <p2:Nm>p2:Nm</p2:Nm>
                            </p2:SttlmAcct>
                            <p2:ClrSys>
                                <p2:Cd>p2:Cd</p2:Cd>
                            </p2:ClrSys>
                            <p2:InstgRmbrsmntAgt>
                                <p2:FinInstnId>
                                    <p2:BICFI>p2:BICFI</p2:BICFI>
                                    <p2:ClrSysMmbId>
                                        <p2:ClrSysId>
                                            <p2:Cd>p2:Cd</p2:Cd>
                                        </p2:ClrSysId>
                                        <p2:MmbId>p2:MmbId</p2:MmbId>
                                    </p2:ClrSysMmbId>
                                    <p2:Nm>p2:Nm</p2:Nm>
                                    <p2:PstlAdr>
                                        <p2:AdrTp>ADDR</p2:AdrTp>
                                        <p2:Dept>p2:Dept</p2:Dept>
                                        <p2:SubDept>p2:SubDept</p2:SubDept>
                                        <p2:StrtNm>p2:StrtNm</p2:StrtNm>
                                        <p2:BldgNb>p2:BldgNb</p2:BldgNb>
                                        <p2:PstCd>p2:PstCd</p2:PstCd>
                                        <p2:TwnNm>p2:TwnNm</p2:TwnNm>
                                        <p2:CtrySubDvsn>p2:CtrySubDvsn</p2:CtrySubDvsn>
                                        <p2:Ctry>p2:Ctry</p2:Ctry>
                                        <p2:AdrLine>p2:AdrLine</p2:AdrLine>
                                    </p2:PstlAdr>
                                    <p2:Othr>
                                        <p2:Id>p2:Id</p2:Id>
                                        <p2:SchmeNm>
                                            <p2:Cd>p2:Cd</p2:Cd>
                                        </p2:SchmeNm>
                                        <p2:Issr>p2:Issr</p2:Issr>
                                    </p2:Othr>
                                </p2:FinInstnId>
                                <p2:BrnchId>
                                    <p2:Id>p2:Id</p2:Id>
                                    <p2:Nm>p2:Nm</p2:Nm>
                                    <p2:PstlAdr>
                                        <p2:AdrTp>ADDR</p2:AdrTp>
                                        <p2:Dept>p2:Dept</p2:Dept>
                                        <p2:SubDept>p2:SubDept</p2:SubDept>
                                        <p2:StrtNm>p2:StrtNm</p2:StrtNm>
                                        <p2:BldgNb>p2:BldgNb</p2:BldgNb>
                                        <p2:PstCd>p2:PstCd</p2:PstCd>
                                        <p2:TwnNm>p2:TwnNm</p2:TwnNm>
                                        <p2:CtrySubDvsn>p2:CtrySubDvsn</p2:CtrySubDvsn>
                                        <p2:Ctry>p2:Ctry</p2:Ctry>
                                        <p2:AdrLine>p2:AdrLine</p2:AdrLine>
                                    </p2:PstlAdr>
                                </p2:BrnchId>
                            </p2:InstgRmbrsmntAgt>
                            <p2:InstgRmbrsmntAgtAcct>
                                <p2:Id>
                                    <p2:IBAN>p2:IBAN</p2:IBAN>
                                </p2:Id>
                                <p2:Tp>
                                    <p2:Cd>p2:Cd</p2:Cd>
                                </p2:Tp>
                                <p2:Ccy>p2:Ccy</p2:Ccy>
                                <p2:Nm>p2:Nm</p2:Nm>
                            </p2:InstgRmbrsmntAgtAcct>
                            <p2:InstdRmbrsmntAgt>
                                <p2:FinInstnId>
                                    <p2:BICFI>p2:BICFI</p2:BICFI>
                                    <p2:ClrSysMmbId>
                                        <p2:ClrSysId>
                                            <p2:Cd>p2:Cd</p2:Cd>
                                        </p2:ClrSysId>
                                        <p2:MmbId>p2:MmbId</p2:MmbId>
                                    </p2:ClrSysMmbId>
                                    <p2:Nm>p2:Nm</p2:Nm>
                                    <p2:PstlAdr>
                                        <p2:AdrTp>ADDR</p2:AdrTp>
                                        <p2:Dept>p2:Dept</p2:Dept>
                                        <p2:SubDept>p2:SubDept</p2:SubDept>
                                        <p2:StrtNm>p2:StrtNm</p2:StrtNm>
                                        <p2:BldgNb>p2:BldgNb</p2:BldgNb>
                                        <p2:PstCd>p2:PstCd</p2:PstCd>
                                        <p2:TwnNm>p2:TwnNm</p2:TwnNm>
                                        <p2:CtrySubDvsn>p2:CtrySubDvsn</p2:CtrySubDvsn>
                                        <p2:Ctry>p2:Ctry</p2:Ctry>
                                        <p2:AdrLine>p2:AdrLine</p2:AdrLine>
                                    </p2:PstlAdr>
                                    <p2:Othr>
                                        <p2:Id>p2:Id</p2:Id>
                                        <p2:SchmeNm>
                                            <p2:Cd>p2:Cd</p2:Cd>
                                        </p2:SchmeNm>
                                        <p2:Issr>p2:Issr</p2:Issr>
                                    </p2:Othr>
                                </p2:FinInstnId>
                                <p2:BrnchId>
                                    <p2:Id>p2:Id</p2:Id>
                                    <p2:Nm>p2:Nm</p2:Nm>
                                    <p2:PstlAdr>
                                        <p2:AdrTp>ADDR</p2:AdrTp>
                                        <p2:Dept>p2:Dept</p2:Dept>
                                        <p2:SubDept>p2:SubDept</p2:SubDept>
                                        <p2:StrtNm>p2:StrtNm</p2:StrtNm>
                                        <p2:BldgNb>p2:BldgNb</p2:BldgNb>
                                        <p2:PstCd>p2:PstCd</p2:PstCd>
                                        <p2:TwnNm>p2:TwnNm</p2:TwnNm>
                                        <p2:CtrySubDvsn>p2:CtrySubDvsn</p2:CtrySubDvsn>
                                        <p2:Ctry>p2:Ctry</p2:Ctry>
                                        <p2:AdrLine>p2:AdrLine</p2:AdrLine>
                                    </p2:PstlAdr>
                                </p2:BrnchId>
                            </p2:InstdRmbrsmntAgt>
                            <p2:InstdRmbrsmntAgtAcct>
                                <p2:Id>
                                    <p2:IBAN>p2:IBAN</p2:IBAN>
                                </p2:Id>
                                <p2:Tp>
                                    <p2:Cd>p2:Cd</p2:Cd>
                                </p2:Tp>
                                <p2:Ccy>p2:Ccy</p2:Ccy>
                                <p2:Nm>p2:Nm</p2:Nm>
                            </p2:InstdRmbrsmntAgtAcct>
                            <p2:ThrdRmbrsmntAgt>
                                <p2:FinInstnId>
                                    <p2:BICFI>p2:BICFI</p2:BICFI>
                                    <p2:ClrSysMmbId>
                                        <p2:ClrSysId>
                                            <p2:Cd>p2:Cd</p2:Cd>
                                        </p2:ClrSysId>
                                        <p2:MmbId>p2:MmbId</p2:MmbId>
                                    </p2:ClrSysMmbId>
                                    <p2:Nm>p2:Nm</p2:Nm>
                                    <p2:PstlAdr>
                                        <p2:AdrTp>ADDR</p2:AdrTp>
                                        <p2:Dept>p2:Dept</p2:Dept>
                                        <p2:SubDept>p2:SubDept</p2:SubDept>
                                        <p2:StrtNm>p2:StrtNm</p2:StrtNm>
                                        <p2:BldgNb>p2:BldgNb</p2:BldgNb>
                                        <p2:PstCd>p2:PstCd</p2:PstCd>
                                        <p2:TwnNm>p2:TwnNm</p2:TwnNm>
                                        <p2:CtrySubDvsn>p2:CtrySubDvsn</p2:CtrySubDvsn>
                                        <p2:Ctry>p2:Ctry</p2:Ctry>
                                        <p2:AdrLine>p2:AdrLine</p2:AdrLine>
                                    </p2:PstlAdr>
                                    <p2:Othr>
                                        <p2:Id>p2:Id</p2:Id>
                                        <p2:SchmeNm>
                                            <p2:Cd>p2:Cd</p2:Cd>
                                        </p2:SchmeNm>
                                        <p2:Issr>p2:Issr</p2:Issr>
                                    </p2:Othr>
                                </p2:FinInstnId>
                                <p2:BrnchId>
                                    <p2:Id>p2:Id</p2:Id>
                                    <p2:Nm>p2:Nm</p2:Nm>
                                    <p2:PstlAdr>
                                        <p2:AdrTp>ADDR</p2:AdrTp>
                                        <p2:Dept>p2:Dept</p2:Dept>
                                        <p2:SubDept>p2:SubDept</p2:SubDept>
                                        <p2:StrtNm>p2:StrtNm</p2:StrtNm>
                                        <p2:BldgNb>p2:BldgNb</p2:BldgNb>
                                        <p2:PstCd>p2:PstCd</p2:PstCd>
                                        <p2:TwnNm>p2:TwnNm</p2:TwnNm>
                                        <p2:CtrySubDvsn>p2:CtrySubDvsn</p2:CtrySubDvsn>
                                        <p2:Ctry>p2:Ctry</p2:Ctry>
                                        <p2:AdrLine>p2:AdrLine</p2:AdrLine>
                                    </p2:PstlAdr>
                                </p2:BrnchId>
                            </p2:ThrdRmbrsmntAgt>
                            <p2:ThrdRmbrsmntAgtAcct>
                                <p2:Id>
                                    <p2:IBAN>p2:IBAN</p2:IBAN>
                                </p2:Id>
                                <p2:Tp>
                                    <p2:Cd>p2:Cd</p2:Cd>
                                </p2:Tp>
                                <p2:Ccy>p2:Ccy</p2:Ccy>
                                <p2:Nm>p2:Nm</p2:Nm>
                            </p2:ThrdRmbrsmntAgtAcct>
                        </p2:SttlmInf>
                        <p2:PmtTpInf>
                            <p2:InstrPrty>HIGH</p2:InstrPrty>
                            <p2:ClrChanl>RTGS</p2:ClrChanl>
                            <p2:SvcLvl>
                                <p2:Cd>p2:Cd</p2:Cd>
                            </p2:SvcLvl>
                            <p2:LclInstrm>
                                <p2:Cd>p2:Cd</p2:Cd>
                            </p2:LclInstrm>
                            <p2:SeqTp>FRST</p2:SeqTp>
                            <p2:CtgyPurp>
                                <p2:Cd>p2:Cd</p2:Cd>
                            </p2:CtgyPurp>
                        </p2:PmtTpInf>
                        <p2:PmtMtd>CHK</p2:PmtMtd>
                        <p2:MndtRltdInf>
                            <p2:MndtId>p2:MndtId</p2:MndtId>
                            <p2:DtOfSgntr>2001-01-01</p2:DtOfSgntr>
                            <p2:AmdmntInd>true</p2:AmdmntInd>
                            <p2:AmdmntInfDtls>
                                <p2:OrgnlMndtId>p2:OrgnlMndtId</p2:OrgnlMndtId>
                                <p2:OrgnlCdtrSchmeId>
                                    <p2:Nm>p2:Nm</p2:Nm>
                                    <p2:PstlAdr>
                                        <p2:AdrTp>ADDR</p2:AdrTp>
                                        <p2:Dept>p2:Dept</p2:Dept>
                                        <p2:SubDept>p2:SubDept</p2:SubDept>
                                        <p2:StrtNm>p2:StrtNm</p2:StrtNm>
                                        <p2:BldgNb>p2:BldgNb</p2:BldgNb>
                                        <p2:PstCd>p2:PstCd</p2:PstCd>
                                        <p2:TwnNm>p2:TwnNm</p2:TwnNm>
                                        <p2:CtrySubDvsn>p2:CtrySubDvsn</p2:CtrySubDvsn>
                                        <p2:Ctry>p2:Ctry</p2:Ctry>
                                        <p2:AdrLine>p2:AdrLine</p2:AdrLine>
                                    </p2:PstlAdr>
                                    <p2:Id>
                                        <p2:OrgId>
                                            <p2:AnyBIC>p2:AnyBIC</p2:AnyBIC>
                                            <p2:Othr>
                                                <p2:Id>p2:Id</p2:Id>
                                                <p2:SchmeNm>
                                                    <p2:Cd>p2:Cd</p2:Cd>
                                                </p2:SchmeNm>
                                                <p2:Issr>p2:Issr</p2:Issr>
                                            </p2:Othr>
                                        </p2:OrgId>
                                    </p2:Id>
                                    <p2:CtryOfRes>p2:CtryOfRes</p2:CtryOfRes>
                                    <p2:CtctDtls>
                                        <p2:NmPrfx>DOCT</p2:NmPrfx>
                                        <p2:Nm>p2:Nm</p2:Nm>
                                        <p2:PhneNb>p2:PhneNb</p2:PhneNb>
                                        <p2:MobNb>p2:MobNb</p2:MobNb>
                                        <p2:FaxNb>p2:FaxNb</p2:FaxNb>
                                        <p2:EmailAdr>p2:EmailAdr</p2:EmailAdr>
                                        <p2:Othr>p2:Othr</p2:Othr>
                                    </p2:CtctDtls>
                                </p2:OrgnlCdtrSchmeId>
                                <p2:OrgnlCdtrAgt>
                                    <p2:FinInstnId>
                                        <p2:BICFI>p2:BICFI</p2:BICFI>
                                        <p2:ClrSysMmbId>
                                            <p2:ClrSysId>
                                                <p2:Cd>p2:Cd</p2:Cd>
                                            </p2:ClrSysId>
                                            <p2:MmbId>p2:MmbId</p2:MmbId>
                                        </p2:ClrSysMmbId>
                                        <p2:Nm>p2:Nm</p2:Nm>
                                        <p2:PstlAdr>
                                            <p2:AdrTp>ADDR</p2:AdrTp>
                                            <p2:Dept>p2:Dept</p2:Dept>
                                            <p2:SubDept>p2:SubDept</p2:SubDept>
                                            <p2:StrtNm>p2:StrtNm</p2:StrtNm>
                                            <p2:BldgNb>p2:BldgNb</p2:BldgNb>
                                            <p2:PstCd>p2:PstCd</p2:PstCd>
                                            <p2:TwnNm>p2:TwnNm</p2:TwnNm>
                                            <p2:CtrySubDvsn>p2:CtrySubDvsn</p2:CtrySubDvsn>
                                            <p2:Ctry>p2:Ctry</p2:Ctry>
                                            <p2:AdrLine>p2:AdrLine</p2:AdrLine>
                                        </p2:PstlAdr>
                                        <p2:Othr>
                                            <p2:Id>p2:Id</p2:Id>
                                            <p2:SchmeNm>
                                                <p2:Cd>p2:Cd</p2:Cd>
                                            </p2:SchmeNm>
                                            <p2:Issr>p2:Issr</p2:Issr>
                                        </p2:Othr>
                                    </p2:FinInstnId>
                                    <p2:BrnchId>
                                        <p2:Id>p2:Id</p2:Id>
                                        <p2:Nm>p2:Nm</p2:Nm>
                                        <p2:PstlAdr>
                                            <p2:AdrTp>ADDR</p2:AdrTp>
                                            <p2:Dept>p2:Dept</p2:Dept>
                                            <p2:SubDept>p2:SubDept</p2:SubDept>
                                            <p2:StrtNm>p2:StrtNm</p2:StrtNm>
                                            <p2:BldgNb>p2:BldgNb</p2:BldgNb>
                                            <p2:PstCd>p2:PstCd</p2:PstCd>
                                            <p2:TwnNm>p2:TwnNm</p2:TwnNm>
                                            <p2:CtrySubDvsn>p2:CtrySubDvsn</p2:CtrySubDvsn>
                                            <p2:Ctry>p2:Ctry</p2:Ctry>
                                            <p2:AdrLine>p2:AdrLine</p2:AdrLine>
                                        </p2:PstlAdr>
                                    </p2:BrnchId>
                                </p2:OrgnlCdtrAgt>
                                <p2:OrgnlCdtrAgtAcct>
                                    <p2:Id>
                                        <p2:IBAN>p2:IBAN</p2:IBAN>
                                    </p2:Id>
                                    <p2:Tp>
                                        <p2:Cd>p2:Cd</p2:Cd>
                                    </p2:Tp>
                                    <p2:Ccy>p2:Ccy</p2:Ccy>
                                    <p2:Nm>p2:Nm</p2:Nm>
                                </p2:OrgnlCdtrAgtAcct>
                                <p2:OrgnlDbtr>
                                    <p2:Nm>p2:Nm</p2:Nm>
                                    <p2:PstlAdr>
                                        <p2:AdrTp>ADDR</p2:AdrTp>
                                        <p2:Dept>p2:Dept</p2:Dept>
                                        <p2:SubDept>p2:SubDept</p2:SubDept>
                                        <p2:StrtNm>p2:StrtNm</p2:StrtNm>
                                        <p2:BldgNb>p2:BldgNb</p2:BldgNb>
                                        <p2:PstCd>p2:PstCd</p2:PstCd>
                                        <p2:TwnNm>p2:TwnNm</p2:TwnNm>
                                        <p2:CtrySubDvsn>p2:CtrySubDvsn</p2:CtrySubDvsn>
                                        <p2:Ctry>p2:Ctry</p2:Ctry>
                                        <p2:AdrLine>p2:AdrLine</p2:AdrLine>
                                    </p2:PstlAdr>
                                    <p2:Id>
                                        <p2:OrgId>
                                            <p2:AnyBIC>p2:AnyBIC</p2:AnyBIC>
                                            <p2:Othr>
                                                <p2:Id>p2:Id</p2:Id>
                                                <p2:SchmeNm>
                                                    <p2:Cd>p2:Cd</p2:Cd>
                                                </p2:SchmeNm>
                                                <p2:Issr>p2:Issr</p2:Issr>
                                            </p2:Othr>
                                        </p2:OrgId>
                                    </p2:Id>
                                    <p2:CtryOfRes>p2:CtryOfRes</p2:CtryOfRes>
                                    <p2:CtctDtls>
                                        <p2:NmPrfx>DOCT</p2:NmPrfx>
                                        <p2:Nm>p2:Nm</p2:Nm>
                                        <p2:PhneNb>p2:PhneNb</p2:PhneNb>
                                        <p2:MobNb>p2:MobNb</p2:MobNb>
                                        <p2:FaxNb>p2:FaxNb</p2:FaxNb>
                                        <p2:EmailAdr>p2:EmailAdr</p2:EmailAdr>
                                        <p2:Othr>p2:Othr</p2:Othr>
                                    </p2:CtctDtls>
                                </p2:OrgnlDbtr>
                                <p2:OrgnlDbtrAcct>
                                    <p2:Id>
                                        <p2:IBAN>p2:IBAN</p2:IBAN>
                                    </p2:Id>
                                    <p2:Tp>
                                        <p2:Cd>p2:Cd</p2:Cd>
                                    </p2:Tp>
                                    <p2:Ccy>p2:Ccy</p2:Ccy>
                                    <p2:Nm>p2:Nm</p2:Nm>
                                </p2:OrgnlDbtrAcct>
                                <p2:OrgnlDbtrAgt>
                                    <p2:FinInstnId>
                                        <p2:BICFI>p2:BICFI</p2:BICFI>
                                        <p2:ClrSysMmbId>
                                            <p2:ClrSysId>
                                                <p2:Cd>p2:Cd</p2:Cd>
                                            </p2:ClrSysId>
                                            <p2:MmbId>p2:MmbId</p2:MmbId>
                                        </p2:ClrSysMmbId>
                                        <p2:Nm>p2:Nm</p2:Nm>
                                        <p2:PstlAdr>
                                            <p2:AdrTp>ADDR</p2:AdrTp>
                                            <p2:Dept>p2:Dept</p2:Dept>
                                            <p2:SubDept>p2:SubDept</p2:SubDept>
                                            <p2:StrtNm>p2:StrtNm</p2:StrtNm>
                                            <p2:BldgNb>p2:BldgNb</p2:BldgNb>
                                            <p2:PstCd>p2:PstCd</p2:PstCd>
                                            <p2:TwnNm>p2:TwnNm</p2:TwnNm>
                                            <p2:CtrySubDvsn>p2:CtrySubDvsn</p2:CtrySubDvsn>
                                            <p2:Ctry>p2:Ctry</p2:Ctry>
                                            <p2:AdrLine>p2:AdrLine</p2:AdrLine>
                                        </p2:PstlAdr>
                                        <p2:Othr>
                                            <p2:Id>p2:Id</p2:Id>
                                            <p2:SchmeNm>
                                                <p2:Cd>p2:Cd</p2:Cd>
                                            </p2:SchmeNm>
                                            <p2:Issr>p2:Issr</p2:Issr>
                                        </p2:Othr>
                                    </p2:FinInstnId>
                                    <p2:BrnchId>
                                        <p2:Id>p2:Id</p2:Id>
                                        <p2:Nm>p2:Nm</p2:Nm>
                                        <p2:PstlAdr>
                                            <p2:AdrTp>ADDR</p2:AdrTp>
                                            <p2:Dept>p2:Dept</p2:Dept>
                                            <p2:SubDept>p2:SubDept</p2:SubDept>
                                            <p2:StrtNm>p2:StrtNm</p2:StrtNm>
                                            <p2:BldgNb>p2:BldgNb</p2:BldgNb>
                                            <p2:PstCd>p2:PstCd</p2:PstCd>
                                            <p2:TwnNm>p2:TwnNm</p2:TwnNm>
                                            <p2:CtrySubDvsn>p2:CtrySubDvsn</p2:CtrySubDvsn>
                                            <p2:Ctry>p2:Ctry</p2:Ctry>
                                            <p2:AdrLine>p2:AdrLine</p2:AdrLine>
                                        </p2:PstlAdr>
                                    </p2:BrnchId>
                                </p2:OrgnlDbtrAgt>
                                <p2:OrgnlDbtrAgtAcct>
                                    <p2:Id>
                                        <p2:IBAN>p2:IBAN</p2:IBAN>
                                    </p2:Id>
                                    <p2:Tp>
                                        <p2:Cd>p2:Cd</p2:Cd>
                                    </p2:Tp>
                                    <p2:Ccy>p2:Ccy</p2:Ccy>
                                    <p2:Nm>p2:Nm</p2:Nm>
                                </p2:OrgnlDbtrAgtAcct>
                                <p2:OrgnlFnlColltnDt>2001-01-01</p2:OrgnlFnlColltnDt>
                                <p2:OrgnlFrqcy>YEAR</p2:OrgnlFrqcy>
                            </p2:AmdmntInfDtls>
                            <p2:ElctrncSgntr>p2:ElctrncSgntr</p2:ElctrncSgntr>
                            <p2:FrstColltnDt>2001-01-01</p2:FrstColltnDt>
                            <p2:FnlColltnDt>2001-01-01</p2:FnlColltnDt>
                            <p2:Frqcy>YEAR</p2:Frqcy>
                        </p2:MndtRltdInf>
                        <p2:RmtInf>
                            <p2:Ustrd>p2:Ustrd</p2:Ustrd>
                            <p2:Strd>
                                <p2:RfrdDocInf>
                                    <p2:Tp>
                                        <p2:CdOrPrtry>
                                            <p2:Cd>MSIN</p2:Cd>
                                        </p2:CdOrPrtry>
                                        <p2:Issr>p2:Issr</p2:Issr>
                                    </p2:Tp>
                                    <p2:Nb>p2:Nb</p2:Nb>
                                    <p2:RltdDt>2001-01-01</p2:RltdDt>
                                </p2:RfrdDocInf>
                                <p2:RfrdDocAmt>
                                    <p2:DuePyblAmt Ccy="">0.0</p2:DuePyblAmt>
                                    <p2:DscntApldAmt>
                                        <p2:Tp>
                                            <p2:Cd>p2:Cd</p2:Cd>
                                        </p2:Tp>
                                        <p2:Amt Ccy="">0.0</p2:Amt>
                                    </p2:DscntApldAmt>
                                    <p2:CdtNoteAmt Ccy="">0.0</p2:CdtNoteAmt>
                                    <p2:TaxAmt>
                                        <p2:Tp>
                                            <p2:Cd>p2:Cd</p2:Cd>
                                        </p2:Tp>
                                        <p2:Amt Ccy="">0.0</p2:Amt>
                                    </p2:TaxAmt>
                                    <p2:AdjstmntAmtAndRsn>
                                        <p2:Amt Ccy="">0.0</p2:Amt>
                                        <p2:CdtDbtInd>CRDT</p2:CdtDbtInd>
                                        <p2:Rsn>p2:Rsn</p2:Rsn>
                                        <p2:AddtlInf>p2:AddtlInf</p2:AddtlInf>
                                    </p2:AdjstmntAmtAndRsn>
                                    <p2:RmtdAmt Ccy="">0.0</p2:RmtdAmt>
                                </p2:RfrdDocAmt>
                                <p2:CdtrRefInf>
                                    <p2:Tp>
                                        <p2:CdOrPrtry>
                                            <p2:Cd>RADM</p2:Cd>
                                        </p2:CdOrPrtry>
                                        <p2:Issr>p2:Issr</p2:Issr>
                                    </p2:Tp>
                                    <p2:Ref>p2:Ref</p2:Ref>
                                </p2:CdtrRefInf>
                                <p2:Invcr>
                                    <p2:Nm>p2:Nm</p2:Nm>
                                    <p2:PstlAdr>
                                        <p2:AdrTp>ADDR</p2:AdrTp>
                                        <p2:Dept>p2:Dept</p2:Dept>
                                        <p2:SubDept>p2:SubDept</p2:SubDept>
                                        <p2:StrtNm>p2:StrtNm</p2:StrtNm>
                                        <p2:BldgNb>p2:BldgNb</p2:BldgNb>
                                        <p2:PstCd>p2:PstCd</p2:PstCd>
                                        <p2:TwnNm>p2:TwnNm</p2:TwnNm>
                                        <p2:CtrySubDvsn>p2:CtrySubDvsn</p2:CtrySubDvsn>
                                        <p2:Ctry>p2:Ctry</p2:Ctry>
                                        <p2:AdrLine>p2:AdrLine</p2:AdrLine>
                                    </p2:PstlAdr>
                                    <p2:Id>
                                        <p2:OrgId>
                                            <p2:AnyBIC>p2:AnyBIC</p2:AnyBIC>
                                            <p2:Othr>
                                                <p2:Id>p2:Id</p2:Id>
                                                <p2:SchmeNm>
                                                    <p2:Cd>p2:Cd</p2:Cd>
                                                </p2:SchmeNm>
                                                <p2:Issr>p2:Issr</p2:Issr>
                                            </p2:Othr>
                                        </p2:OrgId>
                                    </p2:Id>
                                    <p2:CtryOfRes>p2:CtryOfRes</p2:CtryOfRes>
                                    <p2:CtctDtls>
                                        <p2:NmPrfx>DOCT</p2:NmPrfx>
                                        <p2:Nm>p2:Nm</p2:Nm>
                                        <p2:PhneNb>p2:PhneNb</p2:PhneNb>
                                        <p2:MobNb>p2:MobNb</p2:MobNb>
                                        <p2:FaxNb>p2:FaxNb</p2:FaxNb>
                                        <p2:EmailAdr>p2:EmailAdr</p2:EmailAdr>
                                        <p2:Othr>p2:Othr</p2:Othr>
                                    </p2:CtctDtls>
                                </p2:Invcr>
                                <p2:Invcee>
                                    <p2:Nm>p2:Nm</p2:Nm>
                                    <p2:PstlAdr>
                                        <p2:AdrTp>ADDR</p2:AdrTp>
                                        <p2:Dept>p2:Dept</p2:Dept>
                                        <p2:SubDept>p2:SubDept</p2:SubDept>
                                        <p2:StrtNm>p2:StrtNm</p2:StrtNm>
                                        <p2:BldgNb>p2:BldgNb</p2:BldgNb>
                                        <p2:PstCd>p2:PstCd</p2:PstCd>
                                        <p2:TwnNm>p2:TwnNm</p2:TwnNm>
                                        <p2:CtrySubDvsn>p2:CtrySubDvsn</p2:CtrySubDvsn>
                                        <p2:Ctry>p2:Ctry</p2:Ctry>
                                        <p2:AdrLine>p2:AdrLine</p2:AdrLine>
                                    </p2:PstlAdr>
                                    <p2:Id>
                                        <p2:OrgId>
                                            <p2:AnyBIC>p2:AnyBIC</p2:AnyBIC>
                                            <p2:Othr>
                                                <p2:Id>p2:Id</p2:Id>
                                                <p2:SchmeNm>
                                                    <p2:Cd>p2:Cd</p2:Cd>
                                                </p2:SchmeNm>
                                                <p2:Issr>p2:Issr</p2:Issr>
                                            </p2:Othr>
                                        </p2:OrgId>
                                    </p2:Id>
                                    <p2:CtryOfRes>p2:CtryOfRes</p2:CtryOfRes>
                                    <p2:CtctDtls>
                                        <p2:NmPrfx>DOCT</p2:NmPrfx>
                                        <p2:Nm>p2:Nm</p2:Nm>
                                        <p2:PhneNb>p2:PhneNb</p2:PhneNb>
                                        <p2:MobNb>p2:MobNb</p2:MobNb>
                                        <p2:FaxNb>p2:FaxNb</p2:FaxNb>
                                        <p2:EmailAdr>p2:EmailAdr</p2:EmailAdr>
                                        <p2:Othr>p2:Othr</p2:Othr>
                                    </p2:CtctDtls>
                                </p2:Invcee>
                                <p2:AddtlRmtInf>p2:AddtlRmtInf</p2:AddtlRmtInf>
                            </p2:Strd>
                        </p2:RmtInf>
                        <p2:UltmtDbtr>
                            <p2:Nm>p2:Nm</p2:Nm>
                            <p2:PstlAdr>
                                <p2:AdrTp>ADDR</p2:AdrTp>
                                <p2:Dept>p2:Dept</p2:Dept>
                                <p2:SubDept>p2:SubDept</p2:SubDept>
                                <p2:StrtNm>p2:StrtNm</p2:StrtNm>
                                <p2:BldgNb>p2:BldgNb</p2:BldgNb>
                                <p2:PstCd>p2:PstCd</p2:PstCd>
                                <p2:TwnNm>p2:TwnNm</p2:TwnNm>
                                <p2:CtrySubDvsn>p2:CtrySubDvsn</p2:CtrySubDvsn>
                                <p2:Ctry>p2:Ctry</p2:Ctry>
                                <p2:AdrLine>p2:AdrLine</p2:AdrLine>
                            </p2:PstlAdr>
                            <p2:Id>
                                <p2:OrgId>
                                    <p2:AnyBIC>p2:AnyBIC</p2:AnyBIC>
                                    <p2:Othr>
                                        <p2:Id>p2:Id</p2:Id>
                                        <p2:SchmeNm>
                                            <p2:Cd>p2:Cd</p2:Cd>
                                        </p2:SchmeNm>
                                        <p2:Issr>p2:Issr</p2:Issr>
                                    </p2:Othr>
                                </p2:OrgId>
                            </p2:Id>
                            <p2:CtryOfRes>p2:CtryOfRes</p2:CtryOfRes>
                            <p2:CtctDtls>
                                <p2:NmPrfx>DOCT</p2:NmPrfx>
                                <p2:Nm>p2:Nm</p2:Nm>
                                <p2:PhneNb>p2:PhneNb</p2:PhneNb>
                                <p2:MobNb>p2:MobNb</p2:MobNb>
                                <p2:FaxNb>p2:FaxNb</p2:FaxNb>
                                <p2:EmailAdr>p2:EmailAdr</p2:EmailAdr>
                                <p2:Othr>p2:Othr</p2:Othr>
                            </p2:CtctDtls>
                        </p2:UltmtDbtr>
                        <p2:Dbtr>
                            <p2:Nm>p2:Nm</p2:Nm>
                            <p2:PstlAdr>
                                <p2:AdrTp>ADDR</p2:AdrTp>
                                <p2:Dept>p2:Dept</p2:Dept>
                                <p2:SubDept>p2:SubDept</p2:SubDept>
                                <p2:StrtNm>p2:StrtNm</p2:StrtNm>
                                <p2:BldgNb>p2:BldgNb</p2:BldgNb>
                                <p2:PstCd>p2:PstCd</p2:PstCd>
                                <p2:TwnNm>p2:TwnNm</p2:TwnNm>
                                <p2:CtrySubDvsn>p2:CtrySubDvsn</p2:CtrySubDvsn>
                                <p2:Ctry>p2:Ctry</p2:Ctry>
                                <p2:AdrLine>p2:AdrLine</p2:AdrLine>
                            </p2:PstlAdr>
                            <p2:Id>
                                <p2:OrgId>
                                    <p2:AnyBIC>p2:AnyBIC</p2:AnyBIC>
                                    <p2:Othr>
                                        <p2:Id>p2:Id</p2:Id>
                                        <p2:SchmeNm>
                                            <p2:Cd>p2:Cd</p2:Cd>
                                        </p2:SchmeNm>
                                        <p2:Issr>p2:Issr</p2:Issr>
                                    </p2:Othr>
                                </p2:OrgId>
                            </p2:Id>
                            <p2:CtryOfRes>p2:CtryOfRes</p2:CtryOfRes>
                            <p2:CtctDtls>
                                <p2:NmPrfx>DOCT</p2:NmPrfx>
                                <p2:Nm>p2:Nm</p2:Nm>
                                <p2:PhneNb>p2:PhneNb</p2:PhneNb>
                                <p2:MobNb>p2:MobNb</p2:MobNb>
                                <p2:FaxNb>p2:FaxNb</p2:FaxNb>
                                <p2:EmailAdr>p2:EmailAdr</p2:EmailAdr>
                                <p2:Othr>p2:Othr</p2:Othr>
                            </p2:CtctDtls>
                        </p2:Dbtr>
                        <p2:DbtrAcct>
                            <p2:Id>
                                <p2:IBAN>p2:IBAN</p2:IBAN>
                            </p2:Id>
                            <p2:Tp>
                                <p2:Cd>p2:Cd</p2:Cd>
                            </p2:Tp>
                            <p2:Ccy>p2:Ccy</p2:Ccy>
                            <p2:Nm>p2:Nm</p2:Nm>
                        </p2:DbtrAcct>
                        <p2:DbtrAgt>
                            <p2:FinInstnId>
                                <p2:BICFI>p2:BICFI</p2:BICFI>
                                <p2:ClrSysMmbId>
                                    <p2:ClrSysId>
                                        <p2:Cd>p2:Cd</p2:Cd>
                                    </p2:ClrSysId>
                                    <p2:MmbId>p2:MmbId</p2:MmbId>
                                </p2:ClrSysMmbId>
                                <p2:Nm>p2:Nm</p2:Nm>
                                <p2:PstlAdr>
                                    <p2:AdrTp>ADDR</p2:AdrTp>
                                    <p2:Dept>p2:Dept</p2:Dept>
                                    <p2:SubDept>p2:SubDept</p2:SubDept>
                                    <p2:StrtNm>p2:StrtNm</p2:StrtNm>
                                    <p2:BldgNb>p2:BldgNb</p2:BldgNb>
                                    <p2:PstCd>p2:PstCd</p2:PstCd>
                                    <p2:TwnNm>p2:TwnNm</p2:TwnNm>
                                    <p2:CtrySubDvsn>p2:CtrySubDvsn</p2:CtrySubDvsn>
                                    <p2:Ctry>p2:Ctry</p2:Ctry>
                                    <p2:AdrLine>p2:AdrLine</p2:AdrLine>
                                </p2:PstlAdr>
                                <p2:Othr>
                                    <p2:Id>p2:Id</p2:Id>
                                    <p2:SchmeNm>
                                        <p2:Cd>p2:Cd</p2:Cd>
                                    </p2:SchmeNm>
                                    <p2:Issr>p2:Issr</p2:Issr>
                                </p2:Othr>
                            </p2:FinInstnId>
                            <p2:BrnchId>
                                <p2:Id>p2:Id</p2:Id>
                                <p2:Nm>p2:Nm</p2:Nm>
                                <p2:PstlAdr>
                                    <p2:AdrTp>ADDR</p2:AdrTp>
                                    <p2:Dept>p2:Dept</p2:Dept>
                                    <p2:SubDept>p2:SubDept</p2:SubDept>
                                    <p2:StrtNm>p2:StrtNm</p2:StrtNm>
                                    <p2:BldgNb>p2:BldgNb</p2:BldgNb>
                                    <p2:PstCd>p2:PstCd</p2:PstCd>
                                    <p2:TwnNm>p2:TwnNm</p2:TwnNm>
                                    <p2:CtrySubDvsn>p2:CtrySubDvsn</p2:CtrySubDvsn>
                                    <p2:Ctry>p2:Ctry</p2:Ctry>
                                    <p2:AdrLine>p2:AdrLine</p2:AdrLine>
                                </p2:PstlAdr>
                            </p2:BrnchId>
                        </p2:DbtrAgt>
                        <p2:DbtrAgtAcct>
                            <p2:Id>
                                <p2:IBAN>p2:IBAN</p2:IBAN>
                            </p2:Id>
                            <p2:Tp>
                                <p2:Cd>p2:Cd</p2:Cd>
                            </p2:Tp>
                            <p2:Ccy>p2:Ccy</p2:Ccy>
                            <p2:Nm>p2:Nm</p2:Nm>
                        </p2:DbtrAgtAcct>
                        <p2:CdtrAgt>
                            <p2:FinInstnId>
                                <p2:BICFI>p2:BICFI</p2:BICFI>
                                <p2:ClrSysMmbId>
                                    <p2:ClrSysId>
                                        <p2:Cd>p2:Cd</p2:Cd>
                                    </p2:ClrSysId>
                                    <p2:MmbId>p2:MmbId</p2:MmbId>
                                </p2:ClrSysMmbId>
                                <p2:Nm>p2:Nm</p2:Nm>
                                <p2:PstlAdr>
                                    <p2:AdrTp>ADDR</p2:AdrTp>
                                    <p2:Dept>p2:Dept</p2:Dept>
                                    <p2:SubDept>p2:SubDept</p2:SubDept>
                                    <p2:StrtNm>p2:StrtNm</p2:StrtNm>
                                    <p2:BldgNb>p2:BldgNb</p2:BldgNb>
                                    <p2:PstCd>p2:PstCd</p2:PstCd>
                                    <p2:TwnNm>p2:TwnNm</p2:TwnNm>
                                    <p2:CtrySubDvsn>p2:CtrySubDvsn</p2:CtrySubDvsn>
                                    <p2:Ctry>p2:Ctry</p2:Ctry>
                                    <p2:AdrLine>p2:AdrLine</p2:AdrLine>
                                </p2:PstlAdr>
                                <p2:Othr>
                                    <p2:Id>p2:Id</p2:Id>
                                    <p2:SchmeNm>
                                        <p2:Cd>p2:Cd</p2:Cd>
                                    </p2:SchmeNm>
                                    <p2:Issr>p2:Issr</p2:Issr>
                                </p2:Othr>
                            </p2:FinInstnId>
                            <p2:BrnchId>
                                <p2:Id>p2:Id</p2:Id>
                                <p2:Nm>p2:Nm</p2:Nm>
                                <p2:PstlAdr>
                                    <p2:AdrTp>ADDR</p2:AdrTp>
                                    <p2:Dept>p2:Dept</p2:Dept>
                                    <p2:SubDept>p2:SubDept</p2:SubDept>
                                    <p2:StrtNm>p2:StrtNm</p2:StrtNm>
                                    <p2:BldgNb>p2:BldgNb</p2:BldgNb>
                                    <p2:PstCd>p2:PstCd</p2:PstCd>
                                    <p2:TwnNm>p2:TwnNm</p2:TwnNm>
                                    <p2:CtrySubDvsn>p2:CtrySubDvsn</p2:CtrySubDvsn>
                                    <p2:Ctry>p2:Ctry</p2:Ctry>
                                    <p2:AdrLine>p2:AdrLine</p2:AdrLine>
                                </p2:PstlAdr>
                            </p2:BrnchId>
                        </p2:CdtrAgt>
                        <p2:CdtrAgtAcct>
                            <p2:Id>
                                <p2:IBAN>p2:IBAN</p2:IBAN>
                            </p2:Id>
                            <p2:Tp>
                                <p2:Cd>p2:Cd</p2:Cd>
                            </p2:Tp>
                            <p2:Ccy>p2:Ccy</p2:Ccy>
                            <p2:Nm>p2:Nm</p2:Nm>
                        </p2:CdtrAgtAcct>
                        <p2:Cdtr>
                            <p2:Nm>p2:Nm</p2:Nm>
                            <p2:PstlAdr>
                                <p2:AdrTp>ADDR</p2:AdrTp>
                                <p2:Dept>p2:Dept</p2:Dept>
                                <p2:SubDept>p2:SubDept</p2:SubDept>
                                <p2:StrtNm>p2:StrtNm</p2:StrtNm>
                                <p2:BldgNb>p2:BldgNb</p2:BldgNb>
                                <p2:PstCd>p2:PstCd</p2:PstCd>
                                <p2:TwnNm>p2:TwnNm</p2:TwnNm>
                                <p2:CtrySubDvsn>p2:CtrySubDvsn</p2:CtrySubDvsn>
                                <p2:Ctry>p2:Ctry</p2:Ctry>
                                <p2:AdrLine>p2:AdrLine</p2:AdrLine>
                            </p2:PstlAdr>
                            <p2:Id>
                                <p2:OrgId>
                                    <p2:AnyBIC>p2:AnyBIC</p2:AnyBIC>
                                    <p2:Othr>
                                        <p2:Id>p2:Id</p2:Id>
                                        <p2:SchmeNm>
                                            <p2:Cd>p2:Cd</p2:Cd>
                                        </p2:SchmeNm>
                                        <p2:Issr>p2:Issr</p2:Issr>
                                    </p2:Othr>
                                </p2:OrgId>
                            </p2:Id>
                            <p2:CtryOfRes>p2:CtryOfRes</p2:CtryOfRes>
                            <p2:CtctDtls>
                                <p2:NmPrfx>DOCT</p2:NmPrfx>
                                <p2:Nm>p2:Nm</p2:Nm>
                                <p2:PhneNb>p2:PhneNb</p2:PhneNb>
                                <p2:MobNb>p2:MobNb</p2:MobNb>
                                <p2:FaxNb>p2:FaxNb</p2:FaxNb>
                                <p2:EmailAdr>p2:EmailAdr</p2:EmailAdr>
                                <p2:Othr>p2:Othr</p2:Othr>
                            </p2:CtctDtls>
                        </p2:Cdtr>
                        <p2:CdtrAcct>
                            <p2:Id>
                                <p2:IBAN>p2:IBAN</p2:IBAN>
                            </p2:Id>
                            <p2:Tp>
                                <p2:Cd>p2:Cd</p2:Cd>
                            </p2:Tp>
                            <p2:Ccy>p2:Ccy</p2:Ccy>
                            <p2:Nm>p2:Nm</p2:Nm>
                        </p2:CdtrAcct>
                        <p2:UltmtCdtr>
                            <p2:Nm>p2:Nm</p2:Nm>
                            <p2:PstlAdr>
                                <p2:AdrTp>ADDR</p2:AdrTp>
                                <p2:Dept>p2:Dept</p2:Dept>
                                <p2:SubDept>p2:SubDept</p2:SubDept>
                                <p2:StrtNm>p2:StrtNm</p2:StrtNm>
                                <p2:BldgNb>p2:BldgNb</p2:BldgNb>
                                <p2:PstCd>p2:PstCd</p2:PstCd>
                                <p2:TwnNm>p2:TwnNm</p2:TwnNm>
                                <p2:CtrySubDvsn>p2:CtrySubDvsn</p2:CtrySubDvsn>
                                <p2:Ctry>p2:Ctry</p2:Ctry>
                                <p2:AdrLine>p2:AdrLine</p2:AdrLine>
                            </p2:PstlAdr>
                            <p2:Id>
                                <p2:OrgId>
                                    <p2:AnyBIC>p2:AnyBIC</p2:AnyBIC>
                                    <p2:Othr>
                                        <p2:Id>p2:Id</p2:Id>
                                        <p2:SchmeNm>
                                            <p2:Cd>p2:Cd</p2:Cd>
                                        </p2:SchmeNm>
                                        <p2:Issr>p2:Issr</p2:Issr>
                                    </p2:Othr>
                                </p2:OrgId>
                            </p2:Id>
                            <p2:CtryOfRes>p2:CtryOfRes</p2:CtryOfRes>
                            <p2:CtctDtls>
                                <p2:NmPrfx>DOCT</p2:NmPrfx>
                                <p2:Nm>p2:Nm</p2:Nm>
                                <p2:PhneNb>p2:PhneNb</p2:PhneNb>
                                <p2:MobNb>p2:MobNb</p2:MobNb>
                                <p2:FaxNb>p2:FaxNb</p2:FaxNb>
                                <p2:EmailAdr>p2:EmailAdr</p2:EmailAdr>
                                <p2:Othr>p2:Othr</p2:Othr>
                            </p2:CtctDtls>
                        </p2:UltmtCdtr>
                    </p2:OrgnlTxRef>
                    <p2:SplmtryData>
                        <p2:PlcAndNm>p2:PlcAndNm</p2:PlcAndNm>
                        <p2:Envlp>
                            <p2:Document>
                                <p2:CstmrPmtStsRpt/>
                            </p2:Document>
                        </p2:Envlp>
                    </p2:SplmtryData>
                </p2:TxInfAndSts>
            </p2:OrgnlPmtInfAndSts>
            <p2:SplmtryData>
                <p2:PlcAndNm>p2:PlcAndNm</p2:PlcAndNm>
                <p2:Envlp>
                    <p2:Document>
                        <p2:CstmrPmtStsRpt/>
                    </p2:Document>
                </p2:Envlp>
            </p2:SplmtryData>
        </tns1:IntlTrfRspnV01>
    </body>
    <attachments>
        <contentID>http://tempuri.org</contentID>
        <contentType>token</contentType>
        <data>MA==</data>
    </attachments>
</tns:smo>
