<?xml version="1.0" encoding="UTF-8"?>
<body xmlns:httpsca="http://www.ibm.com/xmlns/prod/websphere/http/sca/6.1.0" xmlns:mq="http://www.ibm.com/xmlns/prod/websphere/mq/sca/6.0.0" xmlns:p="urn:iso:std:iso:20022:tech:xsd:pain.001.001.05" xmlns:p1="urn:iso:std:iso:20022:tech:xsd:pain.002.001.05" xmlns:p2="urn:iso:std:iso:20022:tech:xsd:pain.007.001.04" xmlns:p3="urn:iso:std:iso:20022:tech:xsd:pain.011.001.03" xmlns:smo="http://www.ibm.com/websphere/sibx/smo/v6.0.1" xmlns:tns="urn:tcb:iso:20022:xsd:ft.001.001.01" xmlns:tns1="urn:tcb:iso:20022:xsd:cstmft.001.001.01" xmlns:tns2="http://www.w3.org/2005/08/addressing" xmlns:tns3="http://www.w3.org/2003/05/soap-envelope" xmlns:tns_1="wsdl.http://www.techcombank.com.vn/services/vision_fx_gold/" xmlns:wsa="http://schemas.xmlsoap.org/ws/2004/08/addressing" xmlns:xsi="http://www.w3.org/2001/XMLSchema-instance" xsi:noNamespaceSchemaLocation="foo.xsd">
  <tns:OutwardTrfRspnV01>
    <p1:GrpHdr>
      <p1:MsgId>p1:MsgId</p1:MsgId>
      <p1:CreDtTm>2001-12-31T12:00:00</p1:CreDtTm>
      <p1:InitgPty>
        <p1:Nm>p1:Nm</p1:Nm>
        <p1:PstlAdr>
          <p1:AdrTp>ADDR</p1:AdrTp>
          <p1:Dept>p1:Dept</p1:Dept>
          <p1:SubDept>p1:SubDept</p1:SubDept>
          <p1:StrtNm>p1:StrtNm</p1:StrtNm>
          <p1:BldgNb>p1:BldgNb</p1:BldgNb>
          <p1:PstCd>p1:PstCd</p1:PstCd>
          <p1:TwnNm>p1:TwnNm</p1:TwnNm>
          <p1:CtrySubDvsn>p1:CtrySubDvsn</p1:CtrySubDvsn>
          <p1:Ctry>p1:Ctry</p1:Ctry>
          <p1:AdrLine>p1:AdrLine</p1:AdrLine>
        </p1:PstlAdr>
        <p1:Id>
          <p1:OrgId>
            <p1:AnyBIC>p1:AnyBIC</p1:AnyBIC>
            <p1:Othr>
              <p1:Id>p1:Id</p1:Id>
              <p1:SchmeNm>
                <p1:Cd>p1:Cd</p1:Cd>
              </p1:SchmeNm>
              <p1:Issr>p1:Issr</p1:Issr>
            </p1:Othr>
          </p1:OrgId>
        </p1:Id>
        <p1:CtryOfRes>p1:CtryOfRes</p1:CtryOfRes>
        <p1:CtctDtls>
          <p1:NmPrfx>DOCT</p1:NmPrfx>
          <p1:Nm>p1:Nm</p1:Nm>
          <p1:PhneNb>p1:PhneNb</p1:PhneNb>
          <p1:MobNb>p1:MobNb</p1:MobNb>
          <p1:FaxNb>p1:FaxNb</p1:FaxNb>
          <p1:EmailAdr>p1:EmailAdr</p1:EmailAdr>
          <p1:Othr>p1:Othr</p1:Othr>
        </p1:CtctDtls>
      </p1:InitgPty>
      <p1:FwdgAgt>
        <p1:FinInstnId>
          <p1:BICFI>p1:BICFI</p1:BICFI>
          <p1:ClrSysMmbId>
            <p1:ClrSysId>
              <p1:Cd>p1:Cd</p1:Cd>
            </p1:ClrSysId>
            <p1:MmbId>p1:MmbId</p1:MmbId>
          </p1:ClrSysMmbId>
          <p1:Nm>p1:Nm</p1:Nm>
          <p1:PstlAdr>
            <p1:AdrTp>ADDR</p1:AdrTp>
            <p1:Dept>p1:Dept</p1:Dept>
            <p1:SubDept>p1:SubDept</p1:SubDept>
            <p1:StrtNm>p1:StrtNm</p1:StrtNm>
            <p1:BldgNb>p1:BldgNb</p1:BldgNb>
            <p1:PstCd>p1:PstCd</p1:PstCd>
            <p1:TwnNm>p1:TwnNm</p1:TwnNm>
            <p1:CtrySubDvsn>p1:CtrySubDvsn</p1:CtrySubDvsn>
            <p1:Ctry>p1:Ctry</p1:Ctry>
            <p1:AdrLine>p1:AdrLine</p1:AdrLine>
          </p1:PstlAdr>
          <p1:Othr>
            <p1:Id>p1:Id</p1:Id>
            <p1:SchmeNm>
              <p1:Cd>p1:Cd</p1:Cd>
            </p1:SchmeNm>
            <p1:Issr>p1:Issr</p1:Issr>
          </p1:Othr>
        </p1:FinInstnId>
        <p1:BrnchId>
          <p1:Id>p1:Id</p1:Id>
          <p1:Nm>p1:Nm</p1:Nm>
          <p1:PstlAdr>
            <p1:AdrTp>ADDR</p1:AdrTp>
            <p1:Dept>p1:Dept</p1:Dept>
            <p1:SubDept>p1:SubDept</p1:SubDept>
            <p1:StrtNm>p1:StrtNm</p1:StrtNm>
            <p1:BldgNb>p1:BldgNb</p1:BldgNb>
            <p1:PstCd>p1:PstCd</p1:PstCd>
            <p1:TwnNm>p1:TwnNm</p1:TwnNm>
            <p1:CtrySubDvsn>p1:CtrySubDvsn</p1:CtrySubDvsn>
            <p1:Ctry>p1:Ctry</p1:Ctry>
            <p1:AdrLine>p1:AdrLine</p1:AdrLine>
          </p1:PstlAdr>
        </p1:BrnchId>
      </p1:FwdgAgt>
      <p1:DbtrAgt>
        <p1:FinInstnId>
          <p1:BICFI>p1:BICFI</p1:BICFI>
          <p1:ClrSysMmbId>
            <p1:ClrSysId>
              <p1:Cd>p1:Cd</p1:Cd>
            </p1:ClrSysId>
            <p1:MmbId>p1:MmbId</p1:MmbId>
          </p1:ClrSysMmbId>
          <p1:Nm>p1:Nm</p1:Nm>
          <p1:PstlAdr>
            <p1:AdrTp>ADDR</p1:AdrTp>
            <p1:Dept>p1:Dept</p1:Dept>
            <p1:SubDept>p1:SubDept</p1:SubDept>
            <p1:StrtNm>p1:StrtNm</p1:StrtNm>
            <p1:BldgNb>p1:BldgNb</p1:BldgNb>
            <p1:PstCd>p1:PstCd</p1:PstCd>
            <p1:TwnNm>p1:TwnNm</p1:TwnNm>
            <p1:CtrySubDvsn>p1:CtrySubDvsn</p1:CtrySubDvsn>
            <p1:Ctry>p1:Ctry</p1:Ctry>
            <p1:AdrLine>p1:AdrLine</p1:AdrLine>
          </p1:PstlAdr>
          <p1:Othr>
            <p1:Id>p1:Id</p1:Id>
            <p1:SchmeNm>
              <p1:Cd>p1:Cd</p1:Cd>
            </p1:SchmeNm>
            <p1:Issr>p1:Issr</p1:Issr>
          </p1:Othr>
        </p1:FinInstnId>
        <p1:BrnchId>
          <p1:Id>p1:Id</p1:Id>
          <p1:Nm>p1:Nm</p1:Nm>
          <p1:PstlAdr>
            <p1:AdrTp>ADDR</p1:AdrTp>
            <p1:Dept>p1:Dept</p1:Dept>
            <p1:SubDept>p1:SubDept</p1:SubDept>
            <p1:StrtNm>p1:StrtNm</p1:StrtNm>
            <p1:BldgNb>p1:BldgNb</p1:BldgNb>
            <p1:PstCd>p1:PstCd</p1:PstCd>
            <p1:TwnNm>p1:TwnNm</p1:TwnNm>
            <p1:CtrySubDvsn>p1:CtrySubDvsn</p1:CtrySubDvsn>
            <p1:Ctry>p1:Ctry</p1:Ctry>
            <p1:AdrLine>p1:AdrLine</p1:AdrLine>
          </p1:PstlAdr>
        </p1:BrnchId>
      </p1:DbtrAgt>
      <p1:CdtrAgt>
        <p1:FinInstnId>
          <p1:BICFI>p1:BICFI</p1:BICFI>
          <p1:ClrSysMmbId>
            <p1:ClrSysId>
              <p1:Cd>p1:Cd</p1:Cd>
            </p1:ClrSysId>
            <p1:MmbId>p1:MmbId</p1:MmbId>
          </p1:ClrSysMmbId>
          <p1:Nm>p1:Nm</p1:Nm>
          <p1:PstlAdr>
            <p1:AdrTp>ADDR</p1:AdrTp>
            <p1:Dept>p1:Dept</p1:Dept>
            <p1:SubDept>p1:SubDept</p1:SubDept>
            <p1:StrtNm>p1:StrtNm</p1:StrtNm>
            <p1:BldgNb>p1:BldgNb</p1:BldgNb>
            <p1:PstCd>p1:PstCd</p1:PstCd>
            <p1:TwnNm>p1:TwnNm</p1:TwnNm>
            <p1:CtrySubDvsn>p1:CtrySubDvsn</p1:CtrySubDvsn>
            <p1:Ctry>p1:Ctry</p1:Ctry>
            <p1:AdrLine>p1:AdrLine</p1:AdrLine>
          </p1:PstlAdr>
          <p1:Othr>
            <p1:Id>p1:Id</p1:Id>
            <p1:SchmeNm>
              <p1:Cd>p1:Cd</p1:Cd>
            </p1:SchmeNm>
            <p1:Issr>p1:Issr</p1:Issr>
          </p1:Othr>
        </p1:FinInstnId>
        <p1:BrnchId>
          <p1:Id>p1:Id</p1:Id>
          <p1:Nm>p1:Nm</p1:Nm>
          <p1:PstlAdr>
            <p1:AdrTp>ADDR</p1:AdrTp>
            <p1:Dept>p1:Dept</p1:Dept>
            <p1:SubDept>p1:SubDept</p1:SubDept>
            <p1:StrtNm>p1:StrtNm</p1:StrtNm>
            <p1:BldgNb>p1:BldgNb</p1:BldgNb>
            <p1:PstCd>p1:PstCd</p1:PstCd>
            <p1:TwnNm>p1:TwnNm</p1:TwnNm>
            <p1:CtrySubDvsn>p1:CtrySubDvsn</p1:CtrySubDvsn>
            <p1:Ctry>p1:Ctry</p1:Ctry>
            <p1:AdrLine>p1:AdrLine</p1:AdrLine>
          </p1:PstlAdr>
        </p1:BrnchId>
      </p1:CdtrAgt>
    </p1:GrpHdr>
    <p1:OrgnlGrpInfAndSts>
      <p1:OrgnlMsgId>p1:OrgnlMsgId</p1:OrgnlMsgId>
      <p1:OrgnlMsgNmId>p1:OrgnlMsgNmId</p1:OrgnlMsgNmId>
      <p1:OrgnlCreDtTm>2001-12-31T12:00:00</p1:OrgnlCreDtTm>
      <p1:OrgnlNbOfTxs>p1:OrgnlNbOfTxs</p1:OrgnlNbOfTxs>
      <p1:OrgnlCtrlSum>0.0</p1:OrgnlCtrlSum>
      <p1:GrpSts>ACTC</p1:GrpSts>
      <p1:StsRsnInf>
        <p1:Orgtr>
          <p1:Nm>p1:Nm</p1:Nm>
          <p1:PstlAdr>
            <p1:AdrTp>ADDR</p1:AdrTp>
            <p1:Dept>p1:Dept</p1:Dept>
            <p1:SubDept>p1:SubDept</p1:SubDept>
            <p1:StrtNm>p1:StrtNm</p1:StrtNm>
            <p1:BldgNb>p1:BldgNb</p1:BldgNb>
            <p1:PstCd>p1:PstCd</p1:PstCd>
            <p1:TwnNm>p1:TwnNm</p1:TwnNm>
            <p1:CtrySubDvsn>p1:CtrySubDvsn</p1:CtrySubDvsn>
            <p1:Ctry>p1:Ctry</p1:Ctry>
            <p1:AdrLine>p1:AdrLine</p1:AdrLine>
          </p1:PstlAdr>
          <p1:Id>
            <p1:OrgId>
              <p1:AnyBIC>p1:AnyBIC</p1:AnyBIC>
              <p1:Othr>
                <p1:Id>p1:Id</p1:Id>
                <p1:SchmeNm>
                  <p1:Cd>p1:Cd</p1:Cd>
                </p1:SchmeNm>
                <p1:Issr>p1:Issr</p1:Issr>
              </p1:Othr>
            </p1:OrgId>
          </p1:Id>
          <p1:CtryOfRes>p1:CtryOfRes</p1:CtryOfRes>
          <p1:CtctDtls>
            <p1:NmPrfx>DOCT</p1:NmPrfx>
            <p1:Nm>p1:Nm</p1:Nm>
            <p1:PhneNb>p1:PhneNb</p1:PhneNb>
            <p1:MobNb>p1:MobNb</p1:MobNb>
            <p1:FaxNb>p1:FaxNb</p1:FaxNb>
            <p1:EmailAdr>p1:EmailAdr</p1:EmailAdr>
            <p1:Othr>p1:Othr</p1:Othr>
          </p1:CtctDtls>
        </p1:Orgtr>
        <p1:Rsn>
          <p1:Cd>p1:Cd</p1:Cd>
        </p1:Rsn>
        <p1:AddtlInf>p1:AddtlInf</p1:AddtlInf>
      </p1:StsRsnInf>
      <p1:NbOfTxsPerSts>
        <p1:DtldNbOfTxs>p1:DtldNbOfTxs</p1:DtldNbOfTxs>
        <p1:DtldSts>ACTC</p1:DtldSts>
        <p1:DtldCtrlSum>0.0</p1:DtldCtrlSum>
      </p1:NbOfTxsPerSts>
    </p1:OrgnlGrpInfAndSts>
    <p1:OrgnlPmtInfAndSts>
      <p1:OrgnlPmtInfId>p1:OrgnlPmtInfId</p1:OrgnlPmtInfId>
      <p1:OrgnlNbOfTxs>p1:OrgnlNbOfTxs</p1:OrgnlNbOfTxs>
      <p1:OrgnlCtrlSum>0.0</p1:OrgnlCtrlSum>
      <p1:PmtInfSts>ACTC</p1:PmtInfSts>
      <p1:StsRsnInf>
        <p1:Orgtr>
          <p1:Nm>p1:Nm</p1:Nm>
          <p1:PstlAdr>
            <p1:AdrTp>ADDR</p1:AdrTp>
            <p1:Dept>p1:Dept</p1:Dept>
            <p1:SubDept>p1:SubDept</p1:SubDept>
            <p1:StrtNm>p1:StrtNm</p1:StrtNm>
            <p1:BldgNb>p1:BldgNb</p1:BldgNb>
            <p1:PstCd>p1:PstCd</p1:PstCd>
            <p1:TwnNm>p1:TwnNm</p1:TwnNm>
            <p1:CtrySubDvsn>p1:CtrySubDvsn</p1:CtrySubDvsn>
            <p1:Ctry>p1:Ctry</p1:Ctry>
            <p1:AdrLine>p1:AdrLine</p1:AdrLine>
          </p1:PstlAdr>
          <p1:Id>
            <p1:OrgId>
              <p1:AnyBIC>p1:AnyBIC</p1:AnyBIC>
              <p1:Othr>
                <p1:Id>p1:Id</p1:Id>
                <p1:SchmeNm>
                  <p1:Cd>p1:Cd</p1:Cd>
                </p1:SchmeNm>
                <p1:Issr>p1:Issr</p1:Issr>
              </p1:Othr>
            </p1:OrgId>
          </p1:Id>
          <p1:CtryOfRes>p1:CtryOfRes</p1:CtryOfRes>
          <p1:CtctDtls>
            <p1:NmPrfx>DOCT</p1:NmPrfx>
            <p1:Nm>p1:Nm</p1:Nm>
            <p1:PhneNb>p1:PhneNb</p1:PhneNb>
            <p1:MobNb>p1:MobNb</p1:MobNb>
            <p1:FaxNb>p1:FaxNb</p1:FaxNb>
            <p1:EmailAdr>p1:EmailAdr</p1:EmailAdr>
            <p1:Othr>p1:Othr</p1:Othr>
          </p1:CtctDtls>
        </p1:Orgtr>
        <p1:Rsn>
          <p1:Cd>p1:Cd</p1:Cd>
        </p1:Rsn>
        <p1:AddtlInf>p1:AddtlInf</p1:AddtlInf>
      </p1:StsRsnInf>
      <p1:NbOfTxsPerSts>
        <p1:DtldNbOfTxs>p1:DtldNbOfTxs</p1:DtldNbOfTxs>
        <p1:DtldSts>ACTC</p1:DtldSts>
        <p1:DtldCtrlSum>0.0</p1:DtldCtrlSum>
      </p1:NbOfTxsPerSts>
      <p1:TxInfAndSts>
        <p1:StsId>p1:StsId</p1:StsId>
        <p1:OrgnlInstrId>p1:OrgnlInstrId</p1:OrgnlInstrId>
        <p1:OrgnlEndToEndId>p1:OrgnlEndToEndId</p1:OrgnlEndToEndId>
        <p1:TxSts>ACTC</p1:TxSts>
        <p1:StsRsnInf>
          <p1:Orgtr>
            <p1:Nm>p1:Nm</p1:Nm>
            <p1:PstlAdr>
              <p1:AdrTp>ADDR</p1:AdrTp>
              <p1:Dept>p1:Dept</p1:Dept>
              <p1:SubDept>p1:SubDept</p1:SubDept>
              <p1:StrtNm>p1:StrtNm</p1:StrtNm>
              <p1:BldgNb>p1:BldgNb</p1:BldgNb>
              <p1:PstCd>p1:PstCd</p1:PstCd>
              <p1:TwnNm>p1:TwnNm</p1:TwnNm>
              <p1:CtrySubDvsn>p1:CtrySubDvsn</p1:CtrySubDvsn>
              <p1:Ctry>p1:Ctry</p1:Ctry>
              <p1:AdrLine>p1:AdrLine</p1:AdrLine>
            </p1:PstlAdr>
            <p1:Id>
              <p1:OrgId>
                <p1:AnyBIC>p1:AnyBIC</p1:AnyBIC>
                <p1:Othr>
                  <p1:Id>p1:Id</p1:Id>
                  <p1:SchmeNm>
                    <p1:Cd>p1:Cd</p1:Cd>
                  </p1:SchmeNm>
                  <p1:Issr>p1:Issr</p1:Issr>
                </p1:Othr>
              </p1:OrgId>
            </p1:Id>
            <p1:CtryOfRes>p1:CtryOfRes</p1:CtryOfRes>
            <p1:CtctDtls>
              <p1:NmPrfx>DOCT</p1:NmPrfx>
              <p1:Nm>p1:Nm</p1:Nm>
              <p1:PhneNb>p1:PhneNb</p1:PhneNb>
              <p1:MobNb>p1:MobNb</p1:MobNb>
              <p1:FaxNb>p1:FaxNb</p1:FaxNb>
              <p1:EmailAdr>p1:EmailAdr</p1:EmailAdr>
              <p1:Othr>p1:Othr</p1:Othr>
            </p1:CtctDtls>
          </p1:Orgtr>
          <p1:Rsn>
            <p1:Cd>p1:Cd</p1:Cd>
          </p1:Rsn>
          <p1:AddtlInf>p1:AddtlInf</p1:AddtlInf>
        </p1:StsRsnInf>
        <p1:ChrgsInf>
          <p1:Amt Ccy="">0.0</p1:Amt>
          <p1:Agt>
            <p1:FinInstnId>
              <p1:BICFI>p1:BICFI</p1:BICFI>
              <p1:ClrSysMmbId>
                <p1:ClrSysId>
                  <p1:Cd>p1:Cd</p1:Cd>
                </p1:ClrSysId>
                <p1:MmbId>p1:MmbId</p1:MmbId>
              </p1:ClrSysMmbId>
              <p1:Nm>p1:Nm</p1:Nm>
              <p1:PstlAdr>
                <p1:AdrTp>ADDR</p1:AdrTp>
                <p1:Dept>p1:Dept</p1:Dept>
                <p1:SubDept>p1:SubDept</p1:SubDept>
                <p1:StrtNm>p1:StrtNm</p1:StrtNm>
                <p1:BldgNb>p1:BldgNb</p1:BldgNb>
                <p1:PstCd>p1:PstCd</p1:PstCd>
                <p1:TwnNm>p1:TwnNm</p1:TwnNm>
                <p1:CtrySubDvsn>p1:CtrySubDvsn</p1:CtrySubDvsn>
                <p1:Ctry>p1:Ctry</p1:Ctry>
                <p1:AdrLine>p1:AdrLine</p1:AdrLine>
              </p1:PstlAdr>
              <p1:Othr>
                <p1:Id>p1:Id</p1:Id>
                <p1:SchmeNm>
                  <p1:Cd>p1:Cd</p1:Cd>
                </p1:SchmeNm>
                <p1:Issr>p1:Issr</p1:Issr>
              </p1:Othr>
            </p1:FinInstnId>
            <p1:BrnchId>
              <p1:Id>p1:Id</p1:Id>
              <p1:Nm>p1:Nm</p1:Nm>
              <p1:PstlAdr>
                <p1:AdrTp>ADDR</p1:AdrTp>
                <p1:Dept>p1:Dept</p1:Dept>
                <p1:SubDept>p1:SubDept</p1:SubDept>
                <p1:StrtNm>p1:StrtNm</p1:StrtNm>
                <p1:BldgNb>p1:BldgNb</p1:BldgNb>
                <p1:PstCd>p1:PstCd</p1:PstCd>
                <p1:TwnNm>p1:TwnNm</p1:TwnNm>
                <p1:CtrySubDvsn>p1:CtrySubDvsn</p1:CtrySubDvsn>
                <p1:Ctry>p1:Ctry</p1:Ctry>
                <p1:AdrLine>p1:AdrLine</p1:AdrLine>
              </p1:PstlAdr>
            </p1:BrnchId>
          </p1:Agt>
        </p1:ChrgsInf>
        <p1:AccptncDtTm>2001-12-31T12:00:00</p1:AccptncDtTm>
        <p1:AcctSvcrRef>p1:AcctSvcrRef</p1:AcctSvcrRef>
        <p1:ClrSysRef>p1:ClrSysRef</p1:ClrSysRef>
        <p1:OrgnlTxRef>
          <p1:IntrBkSttlmAmt Ccy="">0.0</p1:IntrBkSttlmAmt>
          <p1:Amt>
            <p1:InstdAmt Ccy=""></p1:InstdAmt>
          </p1:Amt>
          <p1:IntrBkSttlmDt>2001-01-01</p1:IntrBkSttlmDt>
          <p1:ReqdColltnDt>2001-01-01</p1:ReqdColltnDt>
          <p1:ReqdExctnDt>2001-01-01</p1:ReqdExctnDt>
          <p1:CdtrSchmeId>
            <p1:Nm>p1:Nm</p1:Nm>
            <p1:PstlAdr>
              <p1:AdrTp>ADDR</p1:AdrTp>
              <p1:Dept>p1:Dept</p1:Dept>
              <p1:SubDept>p1:SubDept</p1:SubDept>
              <p1:StrtNm>p1:StrtNm</p1:StrtNm>
              <p1:BldgNb>p1:BldgNb</p1:BldgNb>
              <p1:PstCd>p1:PstCd</p1:PstCd>
              <p1:TwnNm>p1:TwnNm</p1:TwnNm>
              <p1:CtrySubDvsn>p1:CtrySubDvsn</p1:CtrySubDvsn>
              <p1:Ctry>p1:Ctry</p1:Ctry>
              <p1:AdrLine>p1:AdrLine</p1:AdrLine>
            </p1:PstlAdr>
            <p1:Id>
              <p1:OrgId>
                <p1:AnyBIC>p1:AnyBIC</p1:AnyBIC>
                <p1:Othr>
                  <p1:Id>p1:Id</p1:Id>
                  <p1:SchmeNm>
                    <p1:Cd>p1:Cd</p1:Cd>
                  </p1:SchmeNm>
                  <p1:Issr>p1:Issr</p1:Issr>
                </p1:Othr>
              </p1:OrgId>
            </p1:Id>
            <p1:CtryOfRes>p1:CtryOfRes</p1:CtryOfRes>
            <p1:CtctDtls>
              <p1:NmPrfx>DOCT</p1:NmPrfx>
              <p1:Nm>p1:Nm</p1:Nm>
              <p1:PhneNb>p1:PhneNb</p1:PhneNb>
              <p1:MobNb>p1:MobNb</p1:MobNb>
              <p1:FaxNb>p1:FaxNb</p1:FaxNb>
              <p1:EmailAdr>p1:EmailAdr</p1:EmailAdr>
              <p1:Othr>p1:Othr</p1:Othr>
            </p1:CtctDtls>
          </p1:CdtrSchmeId>
          <p1:SttlmInf>
            <p1:SttlmMtd>INDA</p1:SttlmMtd>
            <p1:SttlmAcct>
              <p1:Id>
                <p1:IBAN>p1:IBAN</p1:IBAN>
              </p1:Id>
              <p1:Tp>
                <p1:Cd>p1:Cd</p1:Cd>
              </p1:Tp>
              <p1:Ccy>p1:Ccy</p1:Ccy>
              <p1:Nm>p1:Nm</p1:Nm>
            </p1:SttlmAcct>
            <p1:ClrSys>
              <p1:Cd>p1:Cd</p1:Cd>
            </p1:ClrSys>
            <p1:InstgRmbrsmntAgt>
              <p1:FinInstnId>
                <p1:BICFI>p1:BICFI</p1:BICFI>
                <p1:ClrSysMmbId>
                  <p1:ClrSysId>
                    <p1:Cd>p1:Cd</p1:Cd>
                  </p1:ClrSysId>
                  <p1:MmbId>p1:MmbId</p1:MmbId>
                </p1:ClrSysMmbId>
                <p1:Nm>p1:Nm</p1:Nm>
                <p1:PstlAdr>
                  <p1:AdrTp>ADDR</p1:AdrTp>
                  <p1:Dept>p1:Dept</p1:Dept>
                  <p1:SubDept>p1:SubDept</p1:SubDept>
                  <p1:StrtNm>p1:StrtNm</p1:StrtNm>
                  <p1:BldgNb>p1:BldgNb</p1:BldgNb>
                  <p1:PstCd>p1:PstCd</p1:PstCd>
                  <p1:TwnNm>p1:TwnNm</p1:TwnNm>
                  <p1:CtrySubDvsn>p1:CtrySubDvsn</p1:CtrySubDvsn>
                  <p1:Ctry>p1:Ctry</p1:Ctry>
                  <p1:AdrLine>p1:AdrLine</p1:AdrLine>
                </p1:PstlAdr>
                <p1:Othr>
                  <p1:Id>p1:Id</p1:Id>
                  <p1:SchmeNm>
                    <p1:Cd>p1:Cd</p1:Cd>
                  </p1:SchmeNm>
                  <p1:Issr>p1:Issr</p1:Issr>
                </p1:Othr>
              </p1:FinInstnId>
              <p1:BrnchId>
                <p1:Id>p1:Id</p1:Id>
                <p1:Nm>p1:Nm</p1:Nm>
                <p1:PstlAdr>
                  <p1:AdrTp>ADDR</p1:AdrTp>
                  <p1:Dept>p1:Dept</p1:Dept>
                  <p1:SubDept>p1:SubDept</p1:SubDept>
                  <p1:StrtNm>p1:StrtNm</p1:StrtNm>
                  <p1:BldgNb>p1:BldgNb</p1:BldgNb>
                  <p1:PstCd>p1:PstCd</p1:PstCd>
                  <p1:TwnNm>p1:TwnNm</p1:TwnNm>
                  <p1:CtrySubDvsn>p1:CtrySubDvsn</p1:CtrySubDvsn>
                  <p1:Ctry>p1:Ctry</p1:Ctry>
                  <p1:AdrLine>p1:AdrLine</p1:AdrLine>
                </p1:PstlAdr>
              </p1:BrnchId>
            </p1:InstgRmbrsmntAgt>
            <p1:InstgRmbrsmntAgtAcct>
              <p1:Id>
                <p1:IBAN>p1:IBAN</p1:IBAN>
              </p1:Id>
              <p1:Tp>
                <p1:Cd>p1:Cd</p1:Cd>
              </p1:Tp>
              <p1:Ccy>p1:Ccy</p1:Ccy>
              <p1:Nm>p1:Nm</p1:Nm>
            </p1:InstgRmbrsmntAgtAcct>
            <p1:InstdRmbrsmntAgt>
              <p1:FinInstnId>
                <p1:BICFI>p1:BICFI</p1:BICFI>
                <p1:ClrSysMmbId>
                  <p1:ClrSysId>
                    <p1:Cd>p1:Cd</p1:Cd>
                  </p1:ClrSysId>
                  <p1:MmbId>p1:MmbId</p1:MmbId>
                </p1:ClrSysMmbId>
                <p1:Nm>p1:Nm</p1:Nm>
                <p1:PstlAdr>
                  <p1:AdrTp>ADDR</p1:AdrTp>
                  <p1:Dept>p1:Dept</p1:Dept>
                  <p1:SubDept>p1:SubDept</p1:SubDept>
                  <p1:StrtNm>p1:StrtNm</p1:StrtNm>
                  <p1:BldgNb>p1:BldgNb</p1:BldgNb>
                  <p1:PstCd>p1:PstCd</p1:PstCd>
                  <p1:TwnNm>p1:TwnNm</p1:TwnNm>
                  <p1:CtrySubDvsn>p1:CtrySubDvsn</p1:CtrySubDvsn>
                  <p1:Ctry>p1:Ctry</p1:Ctry>
                  <p1:AdrLine>p1:AdrLine</p1:AdrLine>
                </p1:PstlAdr>
                <p1:Othr>
                  <p1:Id>p1:Id</p1:Id>
                  <p1:SchmeNm>
                    <p1:Cd>p1:Cd</p1:Cd>
                  </p1:SchmeNm>
                  <p1:Issr>p1:Issr</p1:Issr>
                </p1:Othr>
              </p1:FinInstnId>
              <p1:BrnchId>
                <p1:Id>p1:Id</p1:Id>
                <p1:Nm>p1:Nm</p1:Nm>
                <p1:PstlAdr>
                  <p1:AdrTp>ADDR</p1:AdrTp>
                  <p1:Dept>p1:Dept</p1:Dept>
                  <p1:SubDept>p1:SubDept</p1:SubDept>
                  <p1:StrtNm>p1:StrtNm</p1:StrtNm>
                  <p1:BldgNb>p1:BldgNb</p1:BldgNb>
                  <p1:PstCd>p1:PstCd</p1:PstCd>
                  <p1:TwnNm>p1:TwnNm</p1:TwnNm>
                  <p1:CtrySubDvsn>p1:CtrySubDvsn</p1:CtrySubDvsn>
                  <p1:Ctry>p1:Ctry</p1:Ctry>
                  <p1:AdrLine>p1:AdrLine</p1:AdrLine>
                </p1:PstlAdr>
              </p1:BrnchId>
            </p1:InstdRmbrsmntAgt>
            <p1:InstdRmbrsmntAgtAcct>
              <p1:Id>
                <p1:IBAN>p1:IBAN</p1:IBAN>
              </p1:Id>
              <p1:Tp>
                <p1:Cd>p1:Cd</p1:Cd>
              </p1:Tp>
              <p1:Ccy>p1:Ccy</p1:Ccy>
              <p1:Nm>p1:Nm</p1:Nm>
            </p1:InstdRmbrsmntAgtAcct>
            <p1:ThrdRmbrsmntAgt>
              <p1:FinInstnId>
                <p1:BICFI>p1:BICFI</p1:BICFI>
                <p1:ClrSysMmbId>
                  <p1:ClrSysId>
                    <p1:Cd>p1:Cd</p1:Cd>
                  </p1:ClrSysId>
                  <p1:MmbId>p1:MmbId</p1:MmbId>
                </p1:ClrSysMmbId>
                <p1:Nm>p1:Nm</p1:Nm>
                <p1:PstlAdr>
                  <p1:AdrTp>ADDR</p1:AdrTp>
                  <p1:Dept>p1:Dept</p1:Dept>
                  <p1:SubDept>p1:SubDept</p1:SubDept>
                  <p1:StrtNm>p1:StrtNm</p1:StrtNm>
                  <p1:BldgNb>p1:BldgNb</p1:BldgNb>
                  <p1:PstCd>p1:PstCd</p1:PstCd>
                  <p1:TwnNm>p1:TwnNm</p1:TwnNm>
                  <p1:CtrySubDvsn>p1:CtrySubDvsn</p1:CtrySubDvsn>
                  <p1:Ctry>p1:Ctry</p1:Ctry>
                  <p1:AdrLine>p1:AdrLine</p1:AdrLine>
                </p1:PstlAdr>
                <p1:Othr>
                  <p1:Id>p1:Id</p1:Id>
                  <p1:SchmeNm>
                    <p1:Cd>p1:Cd</p1:Cd>
                  </p1:SchmeNm>
                  <p1:Issr>p1:Issr</p1:Issr>
                </p1:Othr>
              </p1:FinInstnId>
              <p1:BrnchId>
                <p1:Id>p1:Id</p1:Id>
                <p1:Nm>p1:Nm</p1:Nm>
                <p1:PstlAdr>
                  <p1:AdrTp>ADDR</p1:AdrTp>
                  <p1:Dept>p1:Dept</p1:Dept>
                  <p1:SubDept>p1:SubDept</p1:SubDept>
                  <p1:StrtNm>p1:StrtNm</p1:StrtNm>
                  <p1:BldgNb>p1:BldgNb</p1:BldgNb>
                  <p1:PstCd>p1:PstCd</p1:PstCd>
                  <p1:TwnNm>p1:TwnNm</p1:TwnNm>
                  <p1:CtrySubDvsn>p1:CtrySubDvsn</p1:CtrySubDvsn>
                  <p1:Ctry>p1:Ctry</p1:Ctry>
                  <p1:AdrLine>p1:AdrLine</p1:AdrLine>
                </p1:PstlAdr>
              </p1:BrnchId>
            </p1:ThrdRmbrsmntAgt>
            <p1:ThrdRmbrsmntAgtAcct>
              <p1:Id>
                <p1:IBAN>p1:IBAN</p1:IBAN>
              </p1:Id>
              <p1:Tp>
                <p1:Cd>p1:Cd</p1:Cd>
              </p1:Tp>
              <p1:Ccy>p1:Ccy</p1:Ccy>
              <p1:Nm>p1:Nm</p1:Nm>
            </p1:ThrdRmbrsmntAgtAcct>
          </p1:SttlmInf>
          <p1:PmtTpInf>
            <p1:InstrPrty>HIGH</p1:InstrPrty>
            <p1:ClrChanl>RTGS</p1:ClrChanl>
            <p1:SvcLvl>
              <p1:Cd>p1:Cd</p1:Cd>
            </p1:SvcLvl>
            <p1:LclInstrm>
              <p1:Cd>p1:Cd</p1:Cd>
            </p1:LclInstrm>
            <p1:SeqTp>FRST</p1:SeqTp>
            <p1:CtgyPurp>
              <p1:Cd>p1:Cd</p1:Cd>
            </p1:CtgyPurp>
          </p1:PmtTpInf>
          <p1:PmtMtd>CHK</p1:PmtMtd>
          <p1:MndtRltdInf>
            <p1:MndtId>p1:MndtId</p1:MndtId>
            <p1:DtOfSgntr>2001-01-01</p1:DtOfSgntr>
            <p1:AmdmntInd>true</p1:AmdmntInd>
            <p1:AmdmntInfDtls>
              <p1:OrgnlMndtId>p1:OrgnlMndtId</p1:OrgnlMndtId>
              <p1:OrgnlCdtrSchmeId>
                <p1:Nm>p1:Nm</p1:Nm>
                <p1:PstlAdr>
                  <p1:AdrTp>ADDR</p1:AdrTp>
                  <p1:Dept>p1:Dept</p1:Dept>
                  <p1:SubDept>p1:SubDept</p1:SubDept>
                  <p1:StrtNm>p1:StrtNm</p1:StrtNm>
                  <p1:BldgNb>p1:BldgNb</p1:BldgNb>
                  <p1:PstCd>p1:PstCd</p1:PstCd>
                  <p1:TwnNm>p1:TwnNm</p1:TwnNm>
                  <p1:CtrySubDvsn>p1:CtrySubDvsn</p1:CtrySubDvsn>
                  <p1:Ctry>p1:Ctry</p1:Ctry>
                  <p1:AdrLine>p1:AdrLine</p1:AdrLine>
                </p1:PstlAdr>
                <p1:Id>
                  <p1:OrgId>
                    <p1:AnyBIC>p1:AnyBIC</p1:AnyBIC>
                    <p1:Othr>
                      <p1:Id>p1:Id</p1:Id>
                      <p1:SchmeNm>
                        <p1:Cd>p1:Cd</p1:Cd>
                      </p1:SchmeNm>
                      <p1:Issr>p1:Issr</p1:Issr>
                    </p1:Othr>
                  </p1:OrgId>
                </p1:Id>
                <p1:CtryOfRes>p1:CtryOfRes</p1:CtryOfRes>
                <p1:CtctDtls>
                  <p1:NmPrfx>DOCT</p1:NmPrfx>
                  <p1:Nm>p1:Nm</p1:Nm>
                  <p1:PhneNb>p1:PhneNb</p1:PhneNb>
                  <p1:MobNb>p1:MobNb</p1:MobNb>
                  <p1:FaxNb>p1:FaxNb</p1:FaxNb>
                  <p1:EmailAdr>p1:EmailAdr</p1:EmailAdr>
                  <p1:Othr>p1:Othr</p1:Othr>
                </p1:CtctDtls>
              </p1:OrgnlCdtrSchmeId>
              <p1:OrgnlCdtrAgt>
                <p1:FinInstnId>
                  <p1:BICFI>p1:BICFI</p1:BICFI>
                  <p1:ClrSysMmbId>
                    <p1:ClrSysId>
                      <p1:Cd>p1:Cd</p1:Cd>
                    </p1:ClrSysId>
                    <p1:MmbId>p1:MmbId</p1:MmbId>
                  </p1:ClrSysMmbId>
                  <p1:Nm>p1:Nm</p1:Nm>
                  <p1:PstlAdr>
                    <p1:AdrTp>ADDR</p1:AdrTp>
                    <p1:Dept>p1:Dept</p1:Dept>
                    <p1:SubDept>p1:SubDept</p1:SubDept>
                    <p1:StrtNm>p1:StrtNm</p1:StrtNm>
                    <p1:BldgNb>p1:BldgNb</p1:BldgNb>
                    <p1:PstCd>p1:PstCd</p1:PstCd>
                    <p1:TwnNm>p1:TwnNm</p1:TwnNm>
                    <p1:CtrySubDvsn>p1:CtrySubDvsn</p1:CtrySubDvsn>
                    <p1:Ctry>p1:Ctry</p1:Ctry>
                    <p1:AdrLine>p1:AdrLine</p1:AdrLine>
                  </p1:PstlAdr>
                  <p1:Othr>
                    <p1:Id>p1:Id</p1:Id>
                    <p1:SchmeNm>
                      <p1:Cd>p1:Cd</p1:Cd>
                    </p1:SchmeNm>
                    <p1:Issr>p1:Issr</p1:Issr>
                  </p1:Othr>
                </p1:FinInstnId>
                <p1:BrnchId>
                  <p1:Id>p1:Id</p1:Id>
                  <p1:Nm>p1:Nm</p1:Nm>
                  <p1:PstlAdr>
                    <p1:AdrTp>ADDR</p1:AdrTp>
                    <p1:Dept>p1:Dept</p1:Dept>
                    <p1:SubDept>p1:SubDept</p1:SubDept>
                    <p1:StrtNm>p1:StrtNm</p1:StrtNm>
                    <p1:BldgNb>p1:BldgNb</p1:BldgNb>
                    <p1:PstCd>p1:PstCd</p1:PstCd>
                    <p1:TwnNm>p1:TwnNm</p1:TwnNm>
                    <p1:CtrySubDvsn>p1:CtrySubDvsn</p1:CtrySubDvsn>
                    <p1:Ctry>p1:Ctry</p1:Ctry>
                    <p1:AdrLine>p1:AdrLine</p1:AdrLine>
                  </p1:PstlAdr>
                </p1:BrnchId>
              </p1:OrgnlCdtrAgt>
              <p1:OrgnlCdtrAgtAcct>
                <p1:Id>
                  <p1:IBAN>p1:IBAN</p1:IBAN>
                </p1:Id>
                <p1:Tp>
                  <p1:Cd>p1:Cd</p1:Cd>
                </p1:Tp>
                <p1:Ccy>p1:Ccy</p1:Ccy>
                <p1:Nm>p1:Nm</p1:Nm>
              </p1:OrgnlCdtrAgtAcct>
              <p1:OrgnlDbtr>
                <p1:Nm>p1:Nm</p1:Nm>
                <p1:PstlAdr>
                  <p1:AdrTp>ADDR</p1:AdrTp>
                  <p1:Dept>p1:Dept</p1:Dept>
                  <p1:SubDept>p1:SubDept</p1:SubDept>
                  <p1:StrtNm>p1:StrtNm</p1:StrtNm>
                  <p1:BldgNb>p1:BldgNb</p1:BldgNb>
                  <p1:PstCd>p1:PstCd</p1:PstCd>
                  <p1:TwnNm>p1:TwnNm</p1:TwnNm>
                  <p1:CtrySubDvsn>p1:CtrySubDvsn</p1:CtrySubDvsn>
                  <p1:Ctry>p1:Ctry</p1:Ctry>
                  <p1:AdrLine>p1:AdrLine</p1:AdrLine>
                </p1:PstlAdr>
                <p1:Id>
                  <p1:OrgId>
                    <p1:AnyBIC>p1:AnyBIC</p1:AnyBIC>
                    <p1:Othr>
                      <p1:Id>p1:Id</p1:Id>
                      <p1:SchmeNm>
                        <p1:Cd>p1:Cd</p1:Cd>
                      </p1:SchmeNm>
                      <p1:Issr>p1:Issr</p1:Issr>
                    </p1:Othr>
                  </p1:OrgId>
                </p1:Id>
                <p1:CtryOfRes>p1:CtryOfRes</p1:CtryOfRes>
                <p1:CtctDtls>
                  <p1:NmPrfx>DOCT</p1:NmPrfx>
                  <p1:Nm>p1:Nm</p1:Nm>
                  <p1:PhneNb>p1:PhneNb</p1:PhneNb>
                  <p1:MobNb>p1:MobNb</p1:MobNb>
                  <p1:FaxNb>p1:FaxNb</p1:FaxNb>
                  <p1:EmailAdr>p1:EmailAdr</p1:EmailAdr>
                  <p1:Othr>p1:Othr</p1:Othr>
                </p1:CtctDtls>
              </p1:OrgnlDbtr>
              <p1:OrgnlDbtrAcct>
                <p1:Id>
                  <p1:IBAN>p1:IBAN</p1:IBAN>
                </p1:Id>
                <p1:Tp>
                  <p1:Cd>p1:Cd</p1:Cd>
                </p1:Tp>
                <p1:Ccy>p1:Ccy</p1:Ccy>
                <p1:Nm>p1:Nm</p1:Nm>
              </p1:OrgnlDbtrAcct>
              <p1:OrgnlDbtrAgt>
                <p1:FinInstnId>
                  <p1:BICFI>p1:BICFI</p1:BICFI>
                  <p1:ClrSysMmbId>
                    <p1:ClrSysId>
                      <p1:Cd>p1:Cd</p1:Cd>
                    </p1:ClrSysId>
                    <p1:MmbId>p1:MmbId</p1:MmbId>
                  </p1:ClrSysMmbId>
                  <p1:Nm>p1:Nm</p1:Nm>
                  <p1:PstlAdr>
                    <p1:AdrTp>ADDR</p1:AdrTp>
                    <p1:Dept>p1:Dept</p1:Dept>
                    <p1:SubDept>p1:SubDept</p1:SubDept>
                    <p1:StrtNm>p1:StrtNm</p1:StrtNm>
                    <p1:BldgNb>p1:BldgNb</p1:BldgNb>
                    <p1:PstCd>p1:PstCd</p1:PstCd>
                    <p1:TwnNm>p1:TwnNm</p1:TwnNm>
                    <p1:CtrySubDvsn>p1:CtrySubDvsn</p1:CtrySubDvsn>
                    <p1:Ctry>p1:Ctry</p1:Ctry>
                    <p1:AdrLine>p1:AdrLine</p1:AdrLine>
                  </p1:PstlAdr>
                  <p1:Othr>
                    <p1:Id>p1:Id</p1:Id>
                    <p1:SchmeNm>
                      <p1:Cd>p1:Cd</p1:Cd>
                    </p1:SchmeNm>
                    <p1:Issr>p1:Issr</p1:Issr>
                  </p1:Othr>
                </p1:FinInstnId>
                <p1:BrnchId>
                  <p1:Id>p1:Id</p1:Id>
                  <p1:Nm>p1:Nm</p1:Nm>
                  <p1:PstlAdr>
                    <p1:AdrTp>ADDR</p1:AdrTp>
                    <p1:Dept>p1:Dept</p1:Dept>
                    <p1:SubDept>p1:SubDept</p1:SubDept>
                    <p1:StrtNm>p1:StrtNm</p1:StrtNm>
                    <p1:BldgNb>p1:BldgNb</p1:BldgNb>
                    <p1:PstCd>p1:PstCd</p1:PstCd>
                    <p1:TwnNm>p1:TwnNm</p1:TwnNm>
                    <p1:CtrySubDvsn>p1:CtrySubDvsn</p1:CtrySubDvsn>
                    <p1:Ctry>p1:Ctry</p1:Ctry>
                    <p1:AdrLine>p1:AdrLine</p1:AdrLine>
                  </p1:PstlAdr>
                </p1:BrnchId>
              </p1:OrgnlDbtrAgt>
              <p1:OrgnlDbtrAgtAcct>
                <p1:Id>
                  <p1:IBAN>p1:IBAN</p1:IBAN>
                </p1:Id>
                <p1:Tp>
                  <p1:Cd>p1:Cd</p1:Cd>
                </p1:Tp>
                <p1:Ccy>p1:Ccy</p1:Ccy>
                <p1:Nm>p1:Nm</p1:Nm>
              </p1:OrgnlDbtrAgtAcct>
              <p1:OrgnlFnlColltnDt>2001-01-01</p1:OrgnlFnlColltnDt>
              <p1:OrgnlFrqcy>YEAR</p1:OrgnlFrqcy>
            </p1:AmdmntInfDtls>
            <p1:ElctrncSgntr>p1:ElctrncSgntr</p1:ElctrncSgntr>
            <p1:FrstColltnDt>2001-01-01</p1:FrstColltnDt>
            <p1:FnlColltnDt>2001-01-01</p1:FnlColltnDt>
            <p1:Frqcy>YEAR</p1:Frqcy>
          </p1:MndtRltdInf>
          <p1:RmtInf>
            <p1:Ustrd>p1:Ustrd</p1:Ustrd>
            <p1:Strd>
              <p1:RfrdDocInf>
                <p1:Tp>
                  <p1:CdOrPrtry>
                    <p1:Cd>MSIN</p1:Cd>
                  </p1:CdOrPrtry>
                  <p1:Issr>p1:Issr</p1:Issr>
                </p1:Tp>
                <p1:Nb>p1:Nb</p1:Nb>
                <p1:RltdDt>2001-01-01</p1:RltdDt>
              </p1:RfrdDocInf>
              <p1:RfrdDocAmt>
                <p1:DuePyblAmt Ccy="">0.0</p1:DuePyblAmt>
                <p1:DscntApldAmt>
                  <p1:Tp>
                    <p1:Cd>p1:Cd</p1:Cd>
                  </p1:Tp>
                  <p1:Amt Ccy="">0.0</p1:Amt>
                </p1:DscntApldAmt>
                <p1:CdtNoteAmt Ccy="">0.0</p1:CdtNoteAmt>
                <p1:TaxAmt>
                  <p1:Tp>
                    <p1:Cd>p1:Cd</p1:Cd>
                  </p1:Tp>
                  <p1:Amt Ccy="">0.0</p1:Amt>
                </p1:TaxAmt>
                <p1:AdjstmntAmtAndRsn>
                  <p1:Amt Ccy="">0.0</p1:Amt>
                  <p1:CdtDbtInd>CRDT</p1:CdtDbtInd>
                  <p1:Rsn>p1:Rsn</p1:Rsn>
                  <p1:AddtlInf>p1:AddtlInf</p1:AddtlInf>
                </p1:AdjstmntAmtAndRsn>
                <p1:RmtdAmt Ccy="">0.0</p1:RmtdAmt>
              </p1:RfrdDocAmt>
              <p1:CdtrRefInf>
                <p1:Tp>
                  <p1:CdOrPrtry>
                    <p1:Cd>RADM</p1:Cd>
                  </p1:CdOrPrtry>
                  <p1:Issr>p1:Issr</p1:Issr>
                </p1:Tp>
                <p1:Ref>p1:Ref</p1:Ref>
              </p1:CdtrRefInf>
              <p1:Invcr>
                <p1:Nm>p1:Nm</p1:Nm>
                <p1:PstlAdr>
                  <p1:AdrTp>ADDR</p1:AdrTp>
                  <p1:Dept>p1:Dept</p1:Dept>
                  <p1:SubDept>p1:SubDept</p1:SubDept>
                  <p1:StrtNm>p1:StrtNm</p1:StrtNm>
                  <p1:BldgNb>p1:BldgNb</p1:BldgNb>
                  <p1:PstCd>p1:PstCd</p1:PstCd>
                  <p1:TwnNm>p1:TwnNm</p1:TwnNm>
                  <p1:CtrySubDvsn>p1:CtrySubDvsn</p1:CtrySubDvsn>
                  <p1:Ctry>p1:Ctry</p1:Ctry>
                  <p1:AdrLine>p1:AdrLine</p1:AdrLine>
                </p1:PstlAdr>
                <p1:Id>
                  <p1:OrgId>
                    <p1:AnyBIC>p1:AnyBIC</p1:AnyBIC>
                    <p1:Othr>
                      <p1:Id>p1:Id</p1:Id>
                      <p1:SchmeNm>
                        <p1:Cd>p1:Cd</p1:Cd>
                      </p1:SchmeNm>
                      <p1:Issr>p1:Issr</p1:Issr>
                    </p1:Othr>
                  </p1:OrgId>
                </p1:Id>
                <p1:CtryOfRes>p1:CtryOfRes</p1:CtryOfRes>
                <p1:CtctDtls>
                  <p1:NmPrfx>DOCT</p1:NmPrfx>
                  <p1:Nm>p1:Nm</p1:Nm>
                  <p1:PhneNb>p1:PhneNb</p1:PhneNb>
                  <p1:MobNb>p1:MobNb</p1:MobNb>
                  <p1:FaxNb>p1:FaxNb</p1:FaxNb>
                  <p1:EmailAdr>p1:EmailAdr</p1:EmailAdr>
                  <p1:Othr>p1:Othr</p1:Othr>
                </p1:CtctDtls>
              </p1:Invcr>
              <p1:Invcee>
                <p1:Nm>p1:Nm</p1:Nm>
                <p1:PstlAdr>
                  <p1:AdrTp>ADDR</p1:AdrTp>
                  <p1:Dept>p1:Dept</p1:Dept>
                  <p1:SubDept>p1:SubDept</p1:SubDept>
                  <p1:StrtNm>p1:StrtNm</p1:StrtNm>
                  <p1:BldgNb>p1:BldgNb</p1:BldgNb>
                  <p1:PstCd>p1:PstCd</p1:PstCd>
                  <p1:TwnNm>p1:TwnNm</p1:TwnNm>
                  <p1:CtrySubDvsn>p1:CtrySubDvsn</p1:CtrySubDvsn>
                  <p1:Ctry>p1:Ctry</p1:Ctry>
                  <p1:AdrLine>p1:AdrLine</p1:AdrLine>
                </p1:PstlAdr>
                <p1:Id>
                  <p1:OrgId>
                    <p1:AnyBIC>p1:AnyBIC</p1:AnyBIC>
                    <p1:Othr>
                      <p1:Id>p1:Id</p1:Id>
                      <p1:SchmeNm>
                        <p1:Cd>p1:Cd</p1:Cd>
                      </p1:SchmeNm>
                      <p1:Issr>p1:Issr</p1:Issr>
                    </p1:Othr>
                  </p1:OrgId>
                </p1:Id>
                <p1:CtryOfRes>p1:CtryOfRes</p1:CtryOfRes>
                <p1:CtctDtls>
                  <p1:NmPrfx>DOCT</p1:NmPrfx>
                  <p1:Nm>p1:Nm</p1:Nm>
                  <p1:PhneNb>p1:PhneNb</p1:PhneNb>
                  <p1:MobNb>p1:MobNb</p1:MobNb>
                  <p1:FaxNb>p1:FaxNb</p1:FaxNb>
                  <p1:EmailAdr>p1:EmailAdr</p1:EmailAdr>
                  <p1:Othr>p1:Othr</p1:Othr>
                </p1:CtctDtls>
              </p1:Invcee>
              <p1:AddtlRmtInf>p1:AddtlRmtInf</p1:AddtlRmtInf>
            </p1:Strd>
          </p1:RmtInf>
          <p1:UltmtDbtr>
            <p1:Nm>p1:Nm</p1:Nm>
            <p1:PstlAdr>
              <p1:AdrTp>ADDR</p1:AdrTp>
              <p1:Dept>p1:Dept</p1:Dept>
              <p1:SubDept>p1:SubDept</p1:SubDept>
              <p1:StrtNm>p1:StrtNm</p1:StrtNm>
              <p1:BldgNb>p1:BldgNb</p1:BldgNb>
              <p1:PstCd>p1:PstCd</p1:PstCd>
              <p1:TwnNm>p1:TwnNm</p1:TwnNm>
              <p1:CtrySubDvsn>p1:CtrySubDvsn</p1:CtrySubDvsn>
              <p1:Ctry>p1:Ctry</p1:Ctry>
              <p1:AdrLine>p1:AdrLine</p1:AdrLine>
            </p1:PstlAdr>
            <p1:Id>
              <p1:OrgId>
                <p1:AnyBIC>p1:AnyBIC</p1:AnyBIC>
                <p1:Othr>
                  <p1:Id>p1:Id</p1:Id>
                  <p1:SchmeNm>
                    <p1:Cd>p1:Cd</p1:Cd>
                  </p1:SchmeNm>
                  <p1:Issr>p1:Issr</p1:Issr>
                </p1:Othr>
              </p1:OrgId>
            </p1:Id>
            <p1:CtryOfRes>p1:CtryOfRes</p1:CtryOfRes>
            <p1:CtctDtls>
              <p1:NmPrfx>DOCT</p1:NmPrfx>
              <p1:Nm>p1:Nm</p1:Nm>
              <p1:PhneNb>p1:PhneNb</p1:PhneNb>
              <p1:MobNb>p1:MobNb</p1:MobNb>
              <p1:FaxNb>p1:FaxNb</p1:FaxNb>
              <p1:EmailAdr>p1:EmailAdr</p1:EmailAdr>
              <p1:Othr>p1:Othr</p1:Othr>
            </p1:CtctDtls>
          </p1:UltmtDbtr>
          <p1:Dbtr>
            <p1:Nm>p1:Nm</p1:Nm>
            <p1:PstlAdr>
              <p1:AdrTp>ADDR</p1:AdrTp>
              <p1:Dept>p1:Dept</p1:Dept>
              <p1:SubDept>p1:SubDept</p1:SubDept>
              <p1:StrtNm>p1:StrtNm</p1:StrtNm>
              <p1:BldgNb>p1:BldgNb</p1:BldgNb>
              <p1:PstCd>p1:PstCd</p1:PstCd>
              <p1:TwnNm>p1:TwnNm</p1:TwnNm>
              <p1:CtrySubDvsn>p1:CtrySubDvsn</p1:CtrySubDvsn>
              <p1:Ctry>p1:Ctry</p1:Ctry>
              <p1:AdrLine>p1:AdrLine</p1:AdrLine>
            </p1:PstlAdr>
            <p1:Id>
              <p1:OrgId>
                <p1:AnyBIC>p1:AnyBIC</p1:AnyBIC>
                <p1:Othr>
                  <p1:Id>p1:Id</p1:Id>
                  <p1:SchmeNm>
                    <p1:Cd>p1:Cd</p1:Cd>
                  </p1:SchmeNm>
                  <p1:Issr>p1:Issr</p1:Issr>
                </p1:Othr>
              </p1:OrgId>
            </p1:Id>
            <p1:CtryOfRes>p1:CtryOfRes</p1:CtryOfRes>
            <p1:CtctDtls>
              <p1:NmPrfx>DOCT</p1:NmPrfx>
              <p1:Nm>p1:Nm</p1:Nm>
              <p1:PhneNb>p1:PhneNb</p1:PhneNb>
              <p1:MobNb>p1:MobNb</p1:MobNb>
              <p1:FaxNb>p1:FaxNb</p1:FaxNb>
              <p1:EmailAdr>p1:EmailAdr</p1:EmailAdr>
              <p1:Othr>p1:Othr</p1:Othr>
            </p1:CtctDtls>
          </p1:Dbtr>
          <p1:DbtrAcct>
            <p1:Id>
              <p1:IBAN>p1:IBAN</p1:IBAN>
            </p1:Id>
            <p1:Tp>
              <p1:Cd>p1:Cd</p1:Cd>
            </p1:Tp>
            <p1:Ccy>p1:Ccy</p1:Ccy>
            <p1:Nm>p1:Nm</p1:Nm>
          </p1:DbtrAcct>
          <p1:DbtrAgt>
            <p1:FinInstnId>
              <p1:BICFI>p1:BICFI</p1:BICFI>
              <p1:ClrSysMmbId>
                <p1:ClrSysId>
                  <p1:Cd>p1:Cd</p1:Cd>
                </p1:ClrSysId>
                <p1:MmbId>p1:MmbId</p1:MmbId>
              </p1:ClrSysMmbId>
              <p1:Nm>p1:Nm</p1:Nm>
              <p1:PstlAdr>
                <p1:AdrTp>ADDR</p1:AdrTp>
                <p1:Dept>p1:Dept</p1:Dept>
                <p1:SubDept>p1:SubDept</p1:SubDept>
                <p1:StrtNm>p1:StrtNm</p1:StrtNm>
                <p1:BldgNb>p1:BldgNb</p1:BldgNb>
                <p1:PstCd>p1:PstCd</p1:PstCd>
                <p1:TwnNm>p1:TwnNm</p1:TwnNm>
                <p1:CtrySubDvsn>p1:CtrySubDvsn</p1:CtrySubDvsn>
                <p1:Ctry>p1:Ctry</p1:Ctry>
                <p1:AdrLine>p1:AdrLine</p1:AdrLine>
              </p1:PstlAdr>
              <p1:Othr>
                <p1:Id>p1:Id</p1:Id>
                <p1:SchmeNm>
                  <p1:Cd>p1:Cd</p1:Cd>
                </p1:SchmeNm>
                <p1:Issr>p1:Issr</p1:Issr>
              </p1:Othr>
            </p1:FinInstnId>
            <p1:BrnchId>
              <p1:Id>p1:Id</p1:Id>
              <p1:Nm>p1:Nm</p1:Nm>
              <p1:PstlAdr>
                <p1:AdrTp>ADDR</p1:AdrTp>
                <p1:Dept>p1:Dept</p1:Dept>
                <p1:SubDept>p1:SubDept</p1:SubDept>
                <p1:StrtNm>p1:StrtNm</p1:StrtNm>
                <p1:BldgNb>p1:BldgNb</p1:BldgNb>
                <p1:PstCd>p1:PstCd</p1:PstCd>
                <p1:TwnNm>p1:TwnNm</p1:TwnNm>
                <p1:CtrySubDvsn>p1:CtrySubDvsn</p1:CtrySubDvsn>
                <p1:Ctry>p1:Ctry</p1:Ctry>
                <p1:AdrLine>p1:AdrLine</p1:AdrLine>
              </p1:PstlAdr>
            </p1:BrnchId>
          </p1:DbtrAgt>
          <p1:DbtrAgtAcct>
            <p1:Id>
              <p1:IBAN>p1:IBAN</p1:IBAN>
            </p1:Id>
            <p1:Tp>
              <p1:Cd>p1:Cd</p1:Cd>
            </p1:Tp>
            <p1:Ccy>p1:Ccy</p1:Ccy>
            <p1:Nm>p1:Nm</p1:Nm>
          </p1:DbtrAgtAcct>
          <p1:CdtrAgt>
            <p1:FinInstnId>
              <p1:BICFI>p1:BICFI</p1:BICFI>
              <p1:ClrSysMmbId>
                <p1:ClrSysId>
                  <p1:Cd>p1:Cd</p1:Cd>
                </p1:ClrSysId>
                <p1:MmbId>p1:MmbId</p1:MmbId>
              </p1:ClrSysMmbId>
              <p1:Nm>p1:Nm</p1:Nm>
              <p1:PstlAdr>
                <p1:AdrTp>ADDR</p1:AdrTp>
                <p1:Dept>p1:Dept</p1:Dept>
                <p1:SubDept>p1:SubDept</p1:SubDept>
                <p1:StrtNm>p1:StrtNm</p1:StrtNm>
                <p1:BldgNb>p1:BldgNb</p1:BldgNb>
                <p1:PstCd>p1:PstCd</p1:PstCd>
                <p1:TwnNm>p1:TwnNm</p1:TwnNm>
                <p1:CtrySubDvsn>p1:CtrySubDvsn</p1:CtrySubDvsn>
                <p1:Ctry>p1:Ctry</p1:Ctry>
                <p1:AdrLine>p1:AdrLine</p1:AdrLine>
              </p1:PstlAdr>
              <p1:Othr>
                <p1:Id>p1:Id</p1:Id>
                <p1:SchmeNm>
                  <p1:Cd>p1:Cd</p1:Cd>
                </p1:SchmeNm>
                <p1:Issr>p1:Issr</p1:Issr>
              </p1:Othr>
            </p1:FinInstnId>
            <p1:BrnchId>
              <p1:Id>p1:Id</p1:Id>
              <p1:Nm>p1:Nm</p1:Nm>
              <p1:PstlAdr>
                <p1:AdrTp>ADDR</p1:AdrTp>
                <p1:Dept>p1:Dept</p1:Dept>
                <p1:SubDept>p1:SubDept</p1:SubDept>
                <p1:StrtNm>p1:StrtNm</p1:StrtNm>
                <p1:BldgNb>p1:BldgNb</p1:BldgNb>
                <p1:PstCd>p1:PstCd</p1:PstCd>
                <p1:TwnNm>p1:TwnNm</p1:TwnNm>
                <p1:CtrySubDvsn>p1:CtrySubDvsn</p1:CtrySubDvsn>
                <p1:Ctry>p1:Ctry</p1:Ctry>
                <p1:AdrLine>p1:AdrLine</p1:AdrLine>
              </p1:PstlAdr>
            </p1:BrnchId>
          </p1:CdtrAgt>
          <p1:CdtrAgtAcct>
            <p1:Id>
              <p1:IBAN>p1:IBAN</p1:IBAN>
            </p1:Id>
            <p1:Tp>
              <p1:Cd>p1:Cd</p1:Cd>
            </p1:Tp>
            <p1:Ccy>p1:Ccy</p1:Ccy>
            <p1:Nm>p1:Nm</p1:Nm>
          </p1:CdtrAgtAcct>
          <p1:Cdtr>
            <p1:Nm>p1:Nm</p1:Nm>
            <p1:PstlAdr>
              <p1:AdrTp>ADDR</p1:AdrTp>
              <p1:Dept>p1:Dept</p1:Dept>
              <p1:SubDept>p1:SubDept</p1:SubDept>
              <p1:StrtNm>p1:StrtNm</p1:StrtNm>
              <p1:BldgNb>p1:BldgNb</p1:BldgNb>
              <p1:PstCd>p1:PstCd</p1:PstCd>
              <p1:TwnNm>p1:TwnNm</p1:TwnNm>
              <p1:CtrySubDvsn>p1:CtrySubDvsn</p1:CtrySubDvsn>
              <p1:Ctry>p1:Ctry</p1:Ctry>
              <p1:AdrLine>p1:AdrLine</p1:AdrLine>
            </p1:PstlAdr>
            <p1:Id>
              <p1:OrgId>
                <p1:AnyBIC>p1:AnyBIC</p1:AnyBIC>
                <p1:Othr>
                  <p1:Id>p1:Id</p1:Id>
                  <p1:SchmeNm>
                    <p1:Cd>p1:Cd</p1:Cd>
                  </p1:SchmeNm>
                  <p1:Issr>p1:Issr</p1:Issr>
                </p1:Othr>
              </p1:OrgId>
            </p1:Id>
            <p1:CtryOfRes>p1:CtryOfRes</p1:CtryOfRes>
            <p1:CtctDtls>
              <p1:NmPrfx>DOCT</p1:NmPrfx>
              <p1:Nm>p1:Nm</p1:Nm>
              <p1:PhneNb>p1:PhneNb</p1:PhneNb>
              <p1:MobNb>p1:MobNb</p1:MobNb>
              <p1:FaxNb>p1:FaxNb</p1:FaxNb>
              <p1:EmailAdr>p1:EmailAdr</p1:EmailAdr>
              <p1:Othr>p1:Othr</p1:Othr>
            </p1:CtctDtls>
          </p1:Cdtr>
          <p1:CdtrAcct>
            <p1:Id>
              <p1:IBAN>p1:IBAN</p1:IBAN>
            </p1:Id>
            <p1:Tp>
              <p1:Cd>p1:Cd</p1:Cd>
            </p1:Tp>
            <p1:Ccy>p1:Ccy</p1:Ccy>
            <p1:Nm>p1:Nm</p1:Nm>
          </p1:CdtrAcct>
          <p1:UltmtCdtr>
            <p1:Nm>p1:Nm</p1:Nm>
            <p1:PstlAdr>
              <p1:AdrTp>ADDR</p1:AdrTp>
              <p1:Dept>p1:Dept</p1:Dept>
              <p1:SubDept>p1:SubDept</p1:SubDept>
              <p1:StrtNm>p1:StrtNm</p1:StrtNm>
              <p1:BldgNb>p1:BldgNb</p1:BldgNb>
              <p1:PstCd>p1:PstCd</p1:PstCd>
              <p1:TwnNm>p1:TwnNm</p1:TwnNm>
              <p1:CtrySubDvsn>p1:CtrySubDvsn</p1:CtrySubDvsn>
              <p1:Ctry>p1:Ctry</p1:Ctry>
              <p1:AdrLine>p1:AdrLine</p1:AdrLine>
            </p1:PstlAdr>
            <p1:Id>
              <p1:OrgId>
                <p1:AnyBIC>p1:AnyBIC</p1:AnyBIC>
                <p1:Othr>
                  <p1:Id>p1:Id</p1:Id>
                  <p1:SchmeNm>
                    <p1:Cd>p1:Cd</p1:Cd>
                  </p1:SchmeNm>
                  <p1:Issr>p1:Issr</p1:Issr>
                </p1:Othr>
              </p1:OrgId>
            </p1:Id>
            <p1:CtryOfRes>p1:CtryOfRes</p1:CtryOfRes>
            <p1:CtctDtls>
              <p1:NmPrfx>DOCT</p1:NmPrfx>
              <p1:Nm>p1:Nm</p1:Nm>
              <p1:PhneNb>p1:PhneNb</p1:PhneNb>
              <p1:MobNb>p1:MobNb</p1:MobNb>
              <p1:FaxNb>p1:FaxNb</p1:FaxNb>
              <p1:EmailAdr>p1:EmailAdr</p1:EmailAdr>
              <p1:Othr>p1:Othr</p1:Othr>
            </p1:CtctDtls>
          </p1:UltmtCdtr>
        </p1:OrgnlTxRef>
        <p1:SplmtryData>
          <p1:PlcAndNm>p1:PlcAndNm</p1:PlcAndNm>
          <p1:Envlp>
            <p1:Document>
              <p1:CstmrPmtStsRpt/>
            </p1:Document>
          </p1:Envlp>
        </p1:SplmtryData>
      </p1:TxInfAndSts>
    </p1:OrgnlPmtInfAndSts>
    <p1:SplmtryData>
      <p1:PlcAndNm>p1:PlcAndNm</p1:PlcAndNm>
      <p1:Envlp>
        <p1:Document>
          <p1:CstmrPmtStsRpt/>
        </p1:Document>
      </p1:Envlp>
    </p1:SplmtryData>
  </tns:OutwardTrfRspnV01>
</body>
