<?xml version="1.0" encoding="UTF-8"?><body xmlns:in="wsdl.http://www.techcombank.com.vn/services/vision_fx_gold/" xmlns:in2="urn:iso:std:iso:20022:tech:xsd:pain.001.001.05" xmlns:in3="urn:tcb:iso:20022:xsd:cstmft.001.001.01" xmlns:in4="urn:tcb:iso:20022:xsd:ft.001.001.01" xmlns:in5="urn:iso:std:iso:20022:tech:xsd:pain.002.001.05" xmlns:in6="urn:iso:std:iso:20022:tech:xsd:pain.007.001.04" xmlns:in7="urn:iso:std:iso:20022:tech:xsd:pain.011.001.03" xmlns:io="http://www.w3.org/2005/08/addressing" xmlns:io2="http://www.w3.org/2003/05/soap-envelope" xmlns:io3="http://schemas.xmlsoap.org/ws/2004/08/addressing" xmlns:io4="http://www.ibm.com/websphere/sibx/smo/v6.0.1" xmlns:io5="http://www.ibm.com/xmlns/prod/websphere/mq/sca/6.0.0" xmlns:io6="http://www.ibm.com/xmlns/prod/websphere/http/sca/6.1.0" xmlns:out="wsdl.http://InRemLib/Mt202CreatingService" xmlns:out2="http://InRemLib/Mt202CreatingService" xmlns:out3="http://InRemLib" xmlns:xs="http://www.w3.org/2001/XMLSchema" xmlns:xs4xs="http://www.w3.org/2001/XMLSchema" xmlns:xsi="http://www.w3.org/2001/XMLSchema-instance" xsi:type="out:createMt202ResponseMsg">
  <out2:createMt202Response>
    <createMt202Resp>
      <faultOut>
        <status>1</status>
        <errCode>ACTC</errCode>
        <detail>p1:AddtlInf</detail>
      </faultOut>
      <id>p1:StsId</id>
      <date>2001-12-31T12:00:00.000+07:00</date>
    </createMt202Resp>
  </out2:createMt202Response>
</body>