<?xml version="1.0" encoding="UTF-8"?>
<body xmlns:bons1="http://InRemLib/Mt202CreatingService" xmlns:bons11="http://InRemLib" xmlns:httpsca="http://www.ibm.com/xmlns/prod/websphere/http/sca/6.1.0" xmlns:mq="http://www.ibm.com/xmlns/prod/websphere/mq/sca/6.0.0" xmlns:smo="http://www.ibm.com/websphere/sibx/smo/v6.0.1" xmlns:tns="http://www.w3.org/2005/08/addressing" xmlns:tns1="http://www.w3.org/2003/05/soap-envelope" xmlns:tns_1="wsdl.http://InRemLib/Mt202CreatingService" xmlns:wsa="http://schemas.xmlsoap.org/ws/2004/08/addressing" xmlns:xsi="http://www.w3.org/2001/XMLSchema-instance" xsi:noNamespaceSchemaLocation="foo.xsd">
  <bons1:createMt202>
    <createMt202Resp>
      <mt202>
        <bons11:pastDueId>454545</bons11:pastDueId>
               
               <bons11:debitAcctNo>USD1112109990001</bons11:debitAcctNo>
               
               <bons11:debitAmount>1000</bons11:debitAmount>
               
               <bons11:debitTheirRef>10110140123011</bons11:debitTheirRef>
               
               <bons11:creditAcctNo>10110140123011</bons11:creditAcctNo>
               
               <bons11:creditAmount>967</bons11:creditAmount>
               <bons11:creditAmountCCy>USD</bons11:creditAmountCCy>
               
               
               <bons11:creditValueDate>2017-08-19</bons11:creditValueDate>
               
               <bons11:tcbDepartment>1011500</bons11:tcbDepartment>
               
               <bons11:tcbProduct>240200</bons11:tcbProduct>
               
               <bons11:tcbCustomer>99998888</bons11:tcbCustomer>
               
               <bons11:narratives>TRA LAI TIEN VE</bons11:narratives>
               
               <bons11:ftco>FT18082082158455/BNK</bons11:ftco>
               
               <bons11:creditTheirRef>REF20</bons11:creditTheirRef>
               
               <bons11:orderingBank>10199999</bons11:orderingBank>
               
               <bons11:intermedBank>NULL</bons11:intermedBank>
               
               <bons11:acctWithBank>SW-CZNBKRSEXXX</bons11:acctWithBank>
               
               <bons11:benBank>//FW1212454</bons11:benBank>
               
               <bons11:benAcctNo>1245454545</bons11:benAcctNo>
               
               <bons11:ftBkToBkInf>/ACC/RETURN FOR MT103</bons11:ftBkToBkInf>
               
               <bons11:chargesAcctNo>19429080954023</bons11:chargesAcctNo>
               
               <bons11:commission>
                  
                  <comisstionType>FGbons11EFUSE</comisstionType>
                  
                  <comisstionAmt>USD30</comisstionAmt>
               </bons11:commission>
               
               <bons11:commissionCode>CRED</bons11:commissionCode>
               
               <bons11:profitCentreDept>312</bons11:profitCentreDept>
            </mt202>
            
            <messageId>hpt_iw_mt202_1</messageId>
            
            <createdDate>2017-08-19T03:01:40</createdDate>
            
            <transactionType>4</transactionType>
            
            <branchCode></branchCode>
            
            <isSimulator>false</isSimulator>
    </createMt202Resp>
  </bons1:createMt202>
</body>
