<?xml version="1.0" encoding="UTF-8"?>
<body xmlns:httpsca="http://www.ibm.com/xmlns/prod/websphere/http/sca/6.1.0" xmlns:mq="http://www.ibm.com/xmlns/prod/websphere/mq/sca/6.0.0" xmlns:smo="http://www.ibm.com/websphere/sibx/smo/v6.0.1" xmlns:tns="http://www.techcombank.com.vn/Core/Banking/V1" xmlns:tns1="http://www.w3.org/2005/08/addressing" xmlns:tns2="http://www.w3.org/2003/05/soap-envelope" xmlns:tns_1="wsdl.http://new.webservice.namespace" xmlns:wsa="http://schemas.xmlsoap.org/ws/2004/08/addressing" xmlns:xsi="http://www.w3.org/2001/XMLSchema-instance" xsi:noNamespaceSchemaLocation="foo.xsd">
  <tns:AddGoldTradeRspn>
    <tns:MsgRspnHdr>
      <tns:TxId>tns:TxId</tns:TxId>
      <tns:AppHdr>
        <tns:CharSet>tns:CharSet</tns:CharSet>
        <tns:Fr>
          <tns:OrgId>
            <tns:Nm>tns:Nm</tns:Nm>
            <tns:PstlAdr>
              <tns:AdrTp>ADDR</tns:AdrTp>
              <tns:Dept>tns:Dept</tns:Dept>
              <tns:SubDept>tns:SubDept</tns:SubDept>
              <tns:StrtNm>tns:StrtNm</tns:StrtNm>
              <tns:BldgNb>tns:BldgNb</tns:BldgNb>
              <tns:PstCd>tns:PstCd</tns:PstCd>
              <tns:TwnNm>tns:TwnNm</tns:TwnNm>
              <tns:CtrySubDvsn>tns:CtrySubDvsn</tns:CtrySubDvsn>
              <tns:Ctry>tns:Ctry</tns:Ctry>
              <tns:AdrLine>tns:AdrLine</tns:AdrLine>
            </tns:PstlAdr>
            <tns:Id>
              <tns:OrgId>
                <tns:AnyBIC>tns:AnyBIC</tns:AnyBIC>
                <tns:Othr>
                  <tns:Id>tns:Id</tns:Id>
                  <tns:SchmeNm>
                    <tns:Cd>tns:Cd</tns:Cd>
                  </tns:SchmeNm>
                  <tns:Issr>tns:Issr</tns:Issr>
                </tns:Othr>
              </tns:OrgId>
            </tns:Id>
            <tns:CtryOfRes>tns:CtryOfRes</tns:CtryOfRes>
            <tns:CtctDtls>
              <tns:NmPrfx>DOCT</tns:NmPrfx>
              <tns:Nm>tns:Nm</tns:Nm>
              <tns:PhneNb>tns:PhneNb</tns:PhneNb>
              <tns:MobNb>tns:MobNb</tns:MobNb>
              <tns:FaxNb>tns:FaxNb</tns:FaxNb>
              <tns:EmailAdr>tns:EmailAdr</tns:EmailAdr>
              <tns:Othr>tns:Othr</tns:Othr>
            </tns:CtctDtls>
          </tns:OrgId>
        </tns:Fr>
        <tns:To>
          <tns:OrgId>
            <tns:Nm>tns:Nm</tns:Nm>
            <tns:PstlAdr>
              <tns:AdrTp>ADDR</tns:AdrTp>
              <tns:Dept>tns:Dept</tns:Dept>
              <tns:SubDept>tns:SubDept</tns:SubDept>
              <tns:StrtNm>tns:StrtNm</tns:StrtNm>
              <tns:BldgNb>tns:BldgNb</tns:BldgNb>
              <tns:PstCd>tns:PstCd</tns:PstCd>
              <tns:TwnNm>tns:TwnNm</tns:TwnNm>
              <tns:CtrySubDvsn>tns:CtrySubDvsn</tns:CtrySubDvsn>
              <tns:Ctry>tns:Ctry</tns:Ctry>
              <tns:AdrLine>tns:AdrLine</tns:AdrLine>
            </tns:PstlAdr>
            <tns:Id>
              <tns:OrgId>
                <tns:AnyBIC>tns:AnyBIC</tns:AnyBIC>
                <tns:Othr>
                  <tns:Id>tns:Id</tns:Id>
                  <tns:SchmeNm>
                    <tns:Cd>tns:Cd</tns:Cd>
                  </tns:SchmeNm>
                  <tns:Issr>tns:Issr</tns:Issr>
                </tns:Othr>
              </tns:OrgId>
            </tns:Id>
            <tns:CtryOfRes>tns:CtryOfRes</tns:CtryOfRes>
            <tns:CtctDtls>
              <tns:NmPrfx>DOCT</tns:NmPrfx>
              <tns:Nm>tns:Nm</tns:Nm>
              <tns:PhneNb>tns:PhneNb</tns:PhneNb>
              <tns:MobNb>tns:MobNb</tns:MobNb>
              <tns:FaxNb>tns:FaxNb</tns:FaxNb>
              <tns:EmailAdr>tns:EmailAdr</tns:EmailAdr>
              <tns:Othr>tns:Othr</tns:Othr>
            </tns:CtctDtls>
          </tns:OrgId>
        </tns:To>
        <tns:BizMsgIdr>tns:BizMsgIdr</tns:BizMsgIdr>
        <tns:MsgDefIdr>tns:MsgDefIdr</tns:MsgDefIdr>
        <tns:BizSvc>tns:BizSvc</tns:BizSvc>
        <tns:CreDt>2001-12-31T12:00:00</tns:CreDt>
        <tns:CpyDplct>CODU</tns:CpyDplct>
        <tns:PssblDplct>true</tns:PssblDplct>
        <tns:Prty>tns:Prty</tns:Prty>
        <tns:Sgntr>
          <ANY-ELEMENT/>
        </tns:Sgntr>
        <tns:Rltd>
          <tns:CharSet>tns:CharSet</tns:CharSet>
          <tns:Fr>
            <tns:OrgId>
              <tns:Nm>tns:Nm</tns:Nm>
              <tns:PstlAdr>
                <tns:AdrTp>ADDR</tns:AdrTp>
                <tns:Dept>tns:Dept</tns:Dept>
                <tns:SubDept>tns:SubDept</tns:SubDept>
                <tns:StrtNm>tns:StrtNm</tns:StrtNm>
                <tns:BldgNb>tns:BldgNb</tns:BldgNb>
                <tns:PstCd>tns:PstCd</tns:PstCd>
                <tns:TwnNm>tns:TwnNm</tns:TwnNm>
                <tns:CtrySubDvsn>tns:CtrySubDvsn</tns:CtrySubDvsn>
                <tns:Ctry>tns:Ctry</tns:Ctry>
                <tns:AdrLine>tns:AdrLine</tns:AdrLine>
              </tns:PstlAdr>
              <tns:Id>
                <tns:OrgId>
                  <tns:AnyBIC>tns:AnyBIC</tns:AnyBIC>
                  <tns:Othr>
                    <tns:Id>tns:Id</tns:Id>
                    <tns:SchmeNm>
                      <tns:Cd>tns:Cd</tns:Cd>
                    </tns:SchmeNm>
                    <tns:Issr>tns:Issr</tns:Issr>
                  </tns:Othr>
                </tns:OrgId>
              </tns:Id>
              <tns:CtryOfRes>tns:CtryOfRes</tns:CtryOfRes>
              <tns:CtctDtls>
                <tns:NmPrfx>DOCT</tns:NmPrfx>
                <tns:Nm>tns:Nm</tns:Nm>
                <tns:PhneNb>tns:PhneNb</tns:PhneNb>
                <tns:MobNb>tns:MobNb</tns:MobNb>
                <tns:FaxNb>tns:FaxNb</tns:FaxNb>
                <tns:EmailAdr>tns:EmailAdr</tns:EmailAdr>
                <tns:Othr>tns:Othr</tns:Othr>
              </tns:CtctDtls>
            </tns:OrgId>
          </tns:Fr>
          <tns:To>
            <tns:OrgId>
              <tns:Nm>tns:Nm</tns:Nm>
              <tns:PstlAdr>
                <tns:AdrTp>ADDR</tns:AdrTp>
                <tns:Dept>tns:Dept</tns:Dept>
                <tns:SubDept>tns:SubDept</tns:SubDept>
                <tns:StrtNm>tns:StrtNm</tns:StrtNm>
                <tns:BldgNb>tns:BldgNb</tns:BldgNb>
                <tns:PstCd>tns:PstCd</tns:PstCd>
                <tns:TwnNm>tns:TwnNm</tns:TwnNm>
                <tns:CtrySubDvsn>tns:CtrySubDvsn</tns:CtrySubDvsn>
                <tns:Ctry>tns:Ctry</tns:Ctry>
                <tns:AdrLine>tns:AdrLine</tns:AdrLine>
              </tns:PstlAdr>
              <tns:Id>
                <tns:OrgId>
                  <tns:AnyBIC>tns:AnyBIC</tns:AnyBIC>
                  <tns:Othr>
                    <tns:Id>tns:Id</tns:Id>
                    <tns:SchmeNm>
                      <tns:Cd>tns:Cd</tns:Cd>
                    </tns:SchmeNm>
                    <tns:Issr>tns:Issr</tns:Issr>
                  </tns:Othr>
                </tns:OrgId>
              </tns:Id>
              <tns:CtryOfRes>tns:CtryOfRes</tns:CtryOfRes>
              <tns:CtctDtls>
                <tns:NmPrfx>DOCT</tns:NmPrfx>
                <tns:Nm>tns:Nm</tns:Nm>
                <tns:PhneNb>tns:PhneNb</tns:PhneNb>
                <tns:MobNb>tns:MobNb</tns:MobNb>
                <tns:FaxNb>tns:FaxNb</tns:FaxNb>
                <tns:EmailAdr>tns:EmailAdr</tns:EmailAdr>
                <tns:Othr>tns:Othr</tns:Othr>
              </tns:CtctDtls>
            </tns:OrgId>
          </tns:To>
          <tns:BizMsgIdr>tns:BizMsgIdr</tns:BizMsgIdr>
          <tns:MsgDefIdr>tns:MsgDefIdr</tns:MsgDefIdr>
          <tns:BizSvc>tns:BizSvc</tns:BizSvc>
          <tns:CreDt>2001-12-31T12:00:00</tns:CreDt>
          <tns:CpyDplct>CODU</tns:CpyDplct>
          <tns:PssblDplct>true</tns:PssblDplct>
          <tns:Prty>tns:Prty</tns:Prty>
          <tns:Sgntr>
            <ANY-ELEMENT/>
          </tns:Sgntr>
        </tns:Rltd>
      </tns:AppHdr>
      <tns:CstmHdr/>
      <tns:RspnSts>
        <tns:Status>1000</tns:Status>
        <tns:ErrCd>tns:ErrCd</tns:ErrCd>
        <tns:ErrMsg>tns:ErrMsg</tns:ErrMsg>
        <tns:ErrInf>
          <tns:SrcApplId>tns:SrcApplId</tns:SrcApplId>
          <tns:SrcErrCd>tns:SrcErrCd</tns:SrcErrCd>
          <tns:SrcErrMsg>tns:SrcErrMsg</tns:SrcErrMsg>
        </tns:ErrInf>
      </tns:RspnSts>
      <tns:Ctsm/>
    </tns:MsgRspnHdr>
    <tns:Document>
      <tns:FXTradeKey>
        <tns:FXKey>tns:FXKey</tns:FXKey>
      </tns:FXTradeKey>
      <tns:Cstm>
        <tns:Inputer>tns:Inputer</tns:Inputer>
        <tns:Authoriser>tns:Authoriser</tns:Authoriser>
        <tns:Datetime>tns:Datetime</tns:Datetime>
      </tns:Cstm>
    </tns:Document>
  </tns:AddGoldTradeRspn>
</body>
