<?xml version="1.0" encoding="UTF-8"?><body xmlns:in="wsdl.http://new.webservice.namespace" xmlns:in2="http://www.techcombank.com.vn/Core/Banking/V1" xmlns:io="http://www.w3.org/2005/08/addressing" xmlns:io2="http://www.w3.org/2003/05/soap-envelope" xmlns:io3="http://schemas.xmlsoap.org/ws/2004/08/addressing" xmlns:io4="http://www.ibm.com/websphere/sibx/smo/v6.0.1" xmlns:io5="http://www.ibm.com/xmlns/prod/websphere/mq/sca/6.0.0" xmlns:io6="http://www.ibm.com/xmlns/prod/websphere/http/sca/6.1.0" xmlns:out="http://InRemLib" xmlns:out2="http://InRemLib/CreateFxService" xmlns:out3="wsdl.http://InRemLib/CreateFxService" xmlns:xs="http://www.w3.org/2001/XMLSchema" xmlns:xs4xs="http://www.w3.org/2001/XMLSchema" xmlns:xsi="http://www.w3.org/2001/XMLSchema-instance" xsi:type="out3:createResponseMsg">
  <out2:createResponse>
    <ceateFxResp>
      <faultOut>
        <status>0</status>
        <message>SUCCESS</message>
      </faultOut>
      <accountingResult>
        <id>FX2010009563</id>
        <inputter>93278_OSB.TMTM_I_INAU_OFS_TWS</inputter>
        <authorizer>93278_OSB.TMTM_OFS_TWS</authorizer>
        <dateTime>2020-08-26T11:52:00+0700</dateTime>
      </accountingResult>
    </ceateFxResp>
  </out2:createResponse>
</body>