<?xml version="1.0" encoding="UTF-8"?><body xmlns:ns0="http://www.techcombank.com.vn/Core/Banking/V1" xmlns:xsi="http://www.w3.org/2001/XMLSchema-instance">
  <ns0:AddGoldTradeRspn>
    <ns0:MsgRspnHdr>
      <ns0:TxId>tns:TxId</ns0:TxId>
      <ns0:AppHdr>
        <ns0:CharSet>tns:CharSet</ns0:CharSet>
        <ns0:Fr>
          <ns0:OrgId>
            <ns0:Nm>tns:Nm</ns0:Nm>
            <ns0:PstlAdr>
              <ns0:AdrTp>ADDR</ns0:AdrTp>
              <ns0:Dept>tns:Dept</ns0:Dept>
              <ns0:SubDept>tns:SubDept</ns0:SubDept>
              <ns0:StrtNm>tns:StrtNm</ns0:StrtNm>
              <ns0:BldgNb>tns:BldgNb</ns0:BldgNb>
              <ns0:PstCd>tns:PstCd</ns0:PstCd>
              <ns0:TwnNm>tns:TwnNm</ns0:TwnNm>
              <ns0:CtrySubDvsn>tns:CtrySubDvsn</ns0:CtrySubDvsn>
              <ns0:Ctry>tns:Ctry</ns0:Ctry>
              <ns0:AdrLine>tns:AdrLine</ns0:AdrLine>
            </ns0:PstlAdr>
            <ns0:Id>
              <ns0:OrgId>
                <ns0:AnyBIC>tns:AnyBIC</ns0:AnyBIC>
                <ns0:Othr>
                  <ns0:Id>tns:Id</ns0:Id>
                  <ns0:SchmeNm>
                    <ns0:Cd>tns:Cd</ns0:Cd>
                  </ns0:SchmeNm>
                  <ns0:Issr>tns:Issr</ns0:Issr>
                </ns0:Othr>
              </ns0:OrgId>
            </ns0:Id>
            <ns0:CtryOfRes>tns:CtryOfRes</ns0:CtryOfRes>
            <ns0:CtctDtls>
              <ns0:NmPrfx>DOCT</ns0:NmPrfx>
              <ns0:Nm>tns:Nm</ns0:Nm>
              <ns0:PhneNb>tns:PhneNb</ns0:PhneNb>
              <ns0:MobNb>tns:MobNb</ns0:MobNb>
              <ns0:FaxNb>tns:FaxNb</ns0:FaxNb>
              <ns0:EmailAdr>tns:EmailAdr</ns0:EmailAdr>
              <ns0:Othr>tns:Othr</ns0:Othr>
            </ns0:CtctDtls>
          </ns0:OrgId>
        </ns0:Fr>
        <ns0:To>
          <ns0:OrgId>
            <ns0:Nm>tns:Nm</ns0:Nm>
            <ns0:PstlAdr>
              <ns0:AdrTp>ADDR</ns0:AdrTp>
              <ns0:Dept>tns:Dept</ns0:Dept>
              <ns0:SubDept>tns:SubDept</ns0:SubDept>
              <ns0:StrtNm>tns:StrtNm</ns0:StrtNm>
              <ns0:BldgNb>tns:BldgNb</ns0:BldgNb>
              <ns0:PstCd>tns:PstCd</ns0:PstCd>
              <ns0:TwnNm>tns:TwnNm</ns0:TwnNm>
              <ns0:CtrySubDvsn>tns:CtrySubDvsn</ns0:CtrySubDvsn>
              <ns0:Ctry>tns:Ctry</ns0:Ctry>
              <ns0:AdrLine>tns:AdrLine</ns0:AdrLine>
            </ns0:PstlAdr>
            <ns0:Id>
              <ns0:OrgId>
                <ns0:AnyBIC>tns:AnyBIC</ns0:AnyBIC>
                <ns0:Othr>
                  <ns0:Id>tns:Id</ns0:Id>
                  <ns0:SchmeNm>
                    <ns0:Cd>tns:Cd</ns0:Cd>
                  </ns0:SchmeNm>
                  <ns0:Issr>tns:Issr</ns0:Issr>
                </ns0:Othr>
              </ns0:OrgId>
            </ns0:Id>
            <ns0:CtryOfRes>tns:CtryOfRes</ns0:CtryOfRes>
            <ns0:CtctDtls>
              <ns0:NmPrfx>DOCT</ns0:NmPrfx>
              <ns0:Nm>tns:Nm</ns0:Nm>
              <ns0:PhneNb>tns:PhneNb</ns0:PhneNb>
              <ns0:MobNb>tns:MobNb</ns0:MobNb>
              <ns0:FaxNb>tns:FaxNb</ns0:FaxNb>
              <ns0:EmailAdr>tns:EmailAdr</ns0:EmailAdr>
              <ns0:Othr>tns:Othr</ns0:Othr>
            </ns0:CtctDtls>
          </ns0:OrgId>
        </ns0:To>
        <ns0:BizMsgIdr>tns:BizMsgIdr</ns0:BizMsgIdr>
        <ns0:MsgDefIdr>tns:MsgDefIdr</ns0:MsgDefIdr>
        <ns0:BizSvc>tns:BizSvc</ns0:BizSvc>
        <ns0:CreDt>2001-12-31T12:00:00.000+07:00</ns0:CreDt>
        <ns0:CpyDplct>CODU</ns0:CpyDplct>
        <ns0:PssblDplct>true</ns0:PssblDplct>
        <ns0:Prty>tns:Prty</ns0:Prty>
        <ns0:Sgntr>
          <ANY-ELEMENT xsi:type="ANY-ELEMENT"/>
        </ns0:Sgntr>
        <ns0:Rltd>
          <ns0:CharSet>tns:CharSet</ns0:CharSet>
          <ns0:Fr>
            <ns0:OrgId>
              <ns0:Nm>tns:Nm</ns0:Nm>
              <ns0:PstlAdr>
                <ns0:AdrTp>ADDR</ns0:AdrTp>
                <ns0:Dept>tns:Dept</ns0:Dept>
                <ns0:SubDept>tns:SubDept</ns0:SubDept>
                <ns0:StrtNm>tns:StrtNm</ns0:StrtNm>
                <ns0:BldgNb>tns:BldgNb</ns0:BldgNb>
                <ns0:PstCd>tns:PstCd</ns0:PstCd>
                <ns0:TwnNm>tns:TwnNm</ns0:TwnNm>
                <ns0:CtrySubDvsn>tns:CtrySubDvsn</ns0:CtrySubDvsn>
                <ns0:Ctry>tns:Ctry</ns0:Ctry>
                <ns0:AdrLine>tns:AdrLine</ns0:AdrLine>
              </ns0:PstlAdr>
              <ns0:Id>
                <ns0:OrgId>
                  <ns0:AnyBIC>tns:AnyBIC</ns0:AnyBIC>
                  <ns0:Othr>
                    <ns0:Id>tns:Id</ns0:Id>
                    <ns0:SchmeNm>
                      <ns0:Cd>tns:Cd</ns0:Cd>
                    </ns0:SchmeNm>
                    <ns0:Issr>tns:Issr</ns0:Issr>
                  </ns0:Othr>
                </ns0:OrgId>
              </ns0:Id>
              <ns0:CtryOfRes>tns:CtryOfRes</ns0:CtryOfRes>
              <ns0:CtctDtls>
                <ns0:NmPrfx>DOCT</ns0:NmPrfx>
                <ns0:Nm>tns:Nm</ns0:Nm>
                <ns0:PhneNb>tns:PhneNb</ns0:PhneNb>
                <ns0:MobNb>tns:MobNb</ns0:MobNb>
                <ns0:FaxNb>tns:FaxNb</ns0:FaxNb>
                <ns0:EmailAdr>tns:EmailAdr</ns0:EmailAdr>
                <ns0:Othr>tns:Othr</ns0:Othr>
              </ns0:CtctDtls>
            </ns0:OrgId>
          </ns0:Fr>
          <ns0:To>
            <ns0:OrgId>
              <ns0:Nm>tns:Nm</ns0:Nm>
              <ns0:PstlAdr>
                <ns0:AdrTp>ADDR</ns0:AdrTp>
                <ns0:Dept>tns:Dept</ns0:Dept>
                <ns0:SubDept>tns:SubDept</ns0:SubDept>
                <ns0:StrtNm>tns:StrtNm</ns0:StrtNm>
                <ns0:BldgNb>tns:BldgNb</ns0:BldgNb>
                <ns0:PstCd>tns:PstCd</ns0:PstCd>
                <ns0:TwnNm>tns:TwnNm</ns0:TwnNm>
                <ns0:CtrySubDvsn>tns:CtrySubDvsn</ns0:CtrySubDvsn>
                <ns0:Ctry>tns:Ctry</ns0:Ctry>
                <ns0:AdrLine>tns:AdrLine</ns0:AdrLine>
              </ns0:PstlAdr>
              <ns0:Id>
                <ns0:OrgId>
                  <ns0:AnyBIC>tns:AnyBIC</ns0:AnyBIC>
                  <ns0:Othr>
                    <ns0:Id>tns:Id</ns0:Id>
                    <ns0:SchmeNm>
                      <ns0:Cd>tns:Cd</ns0:Cd>
                    </ns0:SchmeNm>
                    <ns0:Issr>tns:Issr</ns0:Issr>
                  </ns0:Othr>
                </ns0:OrgId>
              </ns0:Id>
              <ns0:CtryOfRes>tns:CtryOfRes</ns0:CtryOfRes>
              <ns0:CtctDtls>
                <ns0:NmPrfx>DOCT</ns0:NmPrfx>
                <ns0:Nm>tns:Nm</ns0:Nm>
                <ns0:PhneNb>tns:PhneNb</ns0:PhneNb>
                <ns0:MobNb>tns:MobNb</ns0:MobNb>
                <ns0:FaxNb>tns:FaxNb</ns0:FaxNb>
                <ns0:EmailAdr>tns:EmailAdr</ns0:EmailAdr>
                <ns0:Othr>tns:Othr</ns0:Othr>
              </ns0:CtctDtls>
            </ns0:OrgId>
          </ns0:To>
          <ns0:BizMsgIdr>tns:BizMsgIdr</ns0:BizMsgIdr>
          <ns0:MsgDefIdr>tns:MsgDefIdr</ns0:MsgDefIdr>
          <ns0:BizSvc>tns:BizSvc</ns0:BizSvc>
          <ns0:CreDt>2001-12-31T12:00:00.000+07:00</ns0:CreDt>
          <ns0:CpyDplct>CODU</ns0:CpyDplct>
          <ns0:PssblDplct>true</ns0:PssblDplct>
          <ns0:Prty>tns:Prty</ns0:Prty>
          <ns0:Sgntr>
            <ANY-ELEMENT xsi:type="ANY-ELEMENT"/>
          </ns0:Sgntr>
        </ns0:Rltd>
      </ns0:AppHdr>
      <ns0:CstmHdr/>
      <ns0:RspnSts>
        <ns0:Status>0</ns0:Status>
        <ns0:ErrCd>tns:ErrCd</ns0:ErrCd>
        <ns0:ErrMsg>tns:ErrMsg</ns0:ErrMsg>
        <ns0:ErrInf>
          <ns0:SrcApplId>tns:SrcApplId</ns0:SrcApplId>
          <ns0:SrcErrCd>tns:SrcErrCd</ns0:SrcErrCd>
          <ns0:SrcErrMsg>tns:SrcErrMsg</ns0:SrcErrMsg>
        </ns0:ErrInf>
      </ns0:RspnSts>
      <ns0:Ctsm/>
    </ns0:MsgRspnHdr>
    <ns0:Document>
      <ns0:FXTradeKey>
        <ns0:FXKey>FX2010009563</ns0:FXKey>
      </ns0:FXTradeKey>
      <ns0:Cstm>
        <ns0:Inputer>93278_OSB.TMTM_I_INAU_OFS_TWS</ns0:Inputer>
        <ns0:Authoriser>93278_OSB.TMTM_OFS_TWS</ns0:Authoriser>
        <ns0:Datetime>2008261152</ns0:Datetime>
      </ns0:Cstm>
    </ns0:Document>
  </ns0:AddGoldTradeRspn>
</body>