<?xml version="1.0" encoding="UTF-8"?><body xmlns:ns0="urn:tcb:iso:20022:xsd:ft.001.001.01" xmlns:ns1="urn:iso:std:iso:20022:tech:xsd:pain.002.001.05" xmlns:xsi="http://www.w3.org/2001/XMLSchema-instance">
  <ns0:OutwardTrfRspnV01>
    <ns1:GrpHdr>
      <ns1:MsgId>p1:MsgId</ns1:MsgId>
      <ns1:CreDtTm>2001-12-31T12:00:00.000+07:00</ns1:CreDtTm>
      <ns1:InitgPty>
        <ns1:Nm>p1:Nm</ns1:Nm>
        <ns1:PstlAdr>
          <ns1:AdrTp>ADDR</ns1:AdrTp>
          <ns1:Dept>p1:Dept</ns1:Dept>
          <ns1:SubDept>p1:SubDept</ns1:SubDept>
          <ns1:StrtNm>p1:StrtNm</ns1:StrtNm>
          <ns1:BldgNb>p1:BldgNb</ns1:BldgNb>
          <ns1:PstCd>p1:PstCd</ns1:PstCd>
          <ns1:TwnNm>p1:TwnNm</ns1:TwnNm>
          <ns1:CtrySubDvsn>p1:CtrySubDvsn</ns1:CtrySubDvsn>
          <ns1:Ctry>p1:Ctry</ns1:Ctry>
          <ns1:AdrLine>p1:AdrLine</ns1:AdrLine>
        </ns1:PstlAdr>
        <ns1:Id>
          <ns1:OrgId>
            <ns1:AnyBIC>p1:AnyBIC</ns1:AnyBIC>
            <ns1:Othr>
              <ns1:Id>p1:Id</ns1:Id>
              <ns1:SchmeNm>
                <ns1:Cd>p1:Cd</ns1:Cd>
              </ns1:SchmeNm>
              <ns1:Issr>p1:Issr</ns1:Issr>
            </ns1:Othr>
          </ns1:OrgId>
        </ns1:Id>
        <ns1:CtryOfRes>p1:CtryOfRes</ns1:CtryOfRes>
        <ns1:CtctDtls>
          <ns1:NmPrfx>DOCT</ns1:NmPrfx>
          <ns1:Nm>p1:Nm</ns1:Nm>
          <ns1:PhneNb>p1:PhneNb</ns1:PhneNb>
          <ns1:MobNb>p1:MobNb</ns1:MobNb>
          <ns1:FaxNb>p1:FaxNb</ns1:FaxNb>
          <ns1:EmailAdr>p1:EmailAdr</ns1:EmailAdr>
          <ns1:Othr>p1:Othr</ns1:Othr>
        </ns1:CtctDtls>
      </ns1:InitgPty>
      <ns1:FwdgAgt>
        <ns1:FinInstnId>
          <ns1:BICFI>p1:BICFI</ns1:BICFI>
          <ns1:ClrSysMmbId>
            <ns1:ClrSysId>
              <ns1:Cd>p1:Cd</ns1:Cd>
            </ns1:ClrSysId>
            <ns1:MmbId>p1:MmbId</ns1:MmbId>
          </ns1:ClrSysMmbId>
          <ns1:Nm>p1:Nm</ns1:Nm>
          <ns1:PstlAdr>
            <ns1:AdrTp>ADDR</ns1:AdrTp>
            <ns1:Dept>p1:Dept</ns1:Dept>
            <ns1:SubDept>p1:SubDept</ns1:SubDept>
            <ns1:StrtNm>p1:StrtNm</ns1:StrtNm>
            <ns1:BldgNb>p1:BldgNb</ns1:BldgNb>
            <ns1:PstCd>p1:PstCd</ns1:PstCd>
            <ns1:TwnNm>p1:TwnNm</ns1:TwnNm>
            <ns1:CtrySubDvsn>p1:CtrySubDvsn</ns1:CtrySubDvsn>
            <ns1:Ctry>p1:Ctry</ns1:Ctry>
            <ns1:AdrLine>p1:AdrLine</ns1:AdrLine>
          </ns1:PstlAdr>
          <ns1:Othr>
            <ns1:Id>p1:Id</ns1:Id>
            <ns1:SchmeNm>
              <ns1:Cd>p1:Cd</ns1:Cd>
            </ns1:SchmeNm>
            <ns1:Issr>p1:Issr</ns1:Issr>
          </ns1:Othr>
        </ns1:FinInstnId>
        <ns1:BrnchId>
          <ns1:Id>p1:Id</ns1:Id>
          <ns1:Nm>p1:Nm</ns1:Nm>
          <ns1:PstlAdr>
            <ns1:AdrTp>ADDR</ns1:AdrTp>
            <ns1:Dept>p1:Dept</ns1:Dept>
            <ns1:SubDept>p1:SubDept</ns1:SubDept>
            <ns1:StrtNm>p1:StrtNm</ns1:StrtNm>
            <ns1:BldgNb>p1:BldgNb</ns1:BldgNb>
            <ns1:PstCd>p1:PstCd</ns1:PstCd>
            <ns1:TwnNm>p1:TwnNm</ns1:TwnNm>
            <ns1:CtrySubDvsn>p1:CtrySubDvsn</ns1:CtrySubDvsn>
            <ns1:Ctry>p1:Ctry</ns1:Ctry>
            <ns1:AdrLine>p1:AdrLine</ns1:AdrLine>
          </ns1:PstlAdr>
        </ns1:BrnchId>
      </ns1:FwdgAgt>
      <ns1:DbtrAgt>
        <ns1:FinInstnId>
          <ns1:BICFI>p1:BICFI</ns1:BICFI>
          <ns1:ClrSysMmbId>
            <ns1:ClrSysId>
              <ns1:Cd>p1:Cd</ns1:Cd>
            </ns1:ClrSysId>
            <ns1:MmbId>p1:MmbId</ns1:MmbId>
          </ns1:ClrSysMmbId>
          <ns1:Nm>p1:Nm</ns1:Nm>
          <ns1:PstlAdr>
            <ns1:AdrTp>ADDR</ns1:AdrTp>
            <ns1:Dept>p1:Dept</ns1:Dept>
            <ns1:SubDept>p1:SubDept</ns1:SubDept>
            <ns1:StrtNm>p1:StrtNm</ns1:StrtNm>
            <ns1:BldgNb>p1:BldgNb</ns1:BldgNb>
            <ns1:PstCd>p1:PstCd</ns1:PstCd>
            <ns1:TwnNm>p1:TwnNm</ns1:TwnNm>
            <ns1:CtrySubDvsn>p1:CtrySubDvsn</ns1:CtrySubDvsn>
            <ns1:Ctry>p1:Ctry</ns1:Ctry>
            <ns1:AdrLine>p1:AdrLine</ns1:AdrLine>
          </ns1:PstlAdr>
          <ns1:Othr>
            <ns1:Id>p1:Id</ns1:Id>
            <ns1:SchmeNm>
              <ns1:Cd>p1:Cd</ns1:Cd>
            </ns1:SchmeNm>
            <ns1:Issr>p1:Issr</ns1:Issr>
          </ns1:Othr>
        </ns1:FinInstnId>
        <ns1:BrnchId>
          <ns1:Id>p1:Id</ns1:Id>
          <ns1:Nm>p1:Nm</ns1:Nm>
          <ns1:PstlAdr>
            <ns1:AdrTp>ADDR</ns1:AdrTp>
            <ns1:Dept>p1:Dept</ns1:Dept>
            <ns1:SubDept>p1:SubDept</ns1:SubDept>
            <ns1:StrtNm>p1:StrtNm</ns1:StrtNm>
            <ns1:BldgNb>p1:BldgNb</ns1:BldgNb>
            <ns1:PstCd>p1:PstCd</ns1:PstCd>
            <ns1:TwnNm>p1:TwnNm</ns1:TwnNm>
            <ns1:CtrySubDvsn>p1:CtrySubDvsn</ns1:CtrySubDvsn>
            <ns1:Ctry>p1:Ctry</ns1:Ctry>
            <ns1:AdrLine>p1:AdrLine</ns1:AdrLine>
          </ns1:PstlAdr>
        </ns1:BrnchId>
      </ns1:DbtrAgt>
      <ns1:CdtrAgt>
        <ns1:FinInstnId>
          <ns1:BICFI>p1:BICFI</ns1:BICFI>
          <ns1:ClrSysMmbId>
            <ns1:ClrSysId>
              <ns1:Cd>p1:Cd</ns1:Cd>
            </ns1:ClrSysId>
            <ns1:MmbId>p1:MmbId</ns1:MmbId>
          </ns1:ClrSysMmbId>
          <ns1:Nm>p1:Nm</ns1:Nm>
          <ns1:PstlAdr>
            <ns1:AdrTp>ADDR</ns1:AdrTp>
            <ns1:Dept>p1:Dept</ns1:Dept>
            <ns1:SubDept>p1:SubDept</ns1:SubDept>
            <ns1:StrtNm>p1:StrtNm</ns1:StrtNm>
            <ns1:BldgNb>p1:BldgNb</ns1:BldgNb>
            <ns1:PstCd>p1:PstCd</ns1:PstCd>
            <ns1:TwnNm>p1:TwnNm</ns1:TwnNm>
            <ns1:CtrySubDvsn>p1:CtrySubDvsn</ns1:CtrySubDvsn>
            <ns1:Ctry>p1:Ctry</ns1:Ctry>
            <ns1:AdrLine>p1:AdrLine</ns1:AdrLine>
          </ns1:PstlAdr>
          <ns1:Othr>
            <ns1:Id>p1:Id</ns1:Id>
            <ns1:SchmeNm>
              <ns1:Cd>p1:Cd</ns1:Cd>
            </ns1:SchmeNm>
            <ns1:Issr>p1:Issr</ns1:Issr>
          </ns1:Othr>
        </ns1:FinInstnId>
        <ns1:BrnchId>
          <ns1:Id>p1:Id</ns1:Id>
          <ns1:Nm>p1:Nm</ns1:Nm>
          <ns1:PstlAdr>
            <ns1:AdrTp>ADDR</ns1:AdrTp>
            <ns1:Dept>p1:Dept</ns1:Dept>
            <ns1:SubDept>p1:SubDept</ns1:SubDept>
            <ns1:StrtNm>p1:StrtNm</ns1:StrtNm>
            <ns1:BldgNb>p1:BldgNb</ns1:BldgNb>
            <ns1:PstCd>p1:PstCd</ns1:PstCd>
            <ns1:TwnNm>p1:TwnNm</ns1:TwnNm>
            <ns1:CtrySubDvsn>p1:CtrySubDvsn</ns1:CtrySubDvsn>
            <ns1:Ctry>p1:Ctry</ns1:Ctry>
            <ns1:AdrLine>p1:AdrLine</ns1:AdrLine>
          </ns1:PstlAdr>
        </ns1:BrnchId>
      </ns1:CdtrAgt>
    </ns1:GrpHdr>
    <ns1:OrgnlGrpInfAndSts>
      <ns1:OrgnlMsgId>p1:OrgnlMsgId</ns1:OrgnlMsgId>
      <ns1:OrgnlMsgNmId>p1:OrgnlMsgNmId</ns1:OrgnlMsgNmId>
      <ns1:OrgnlCreDtTm>2001-12-31T12:00:00.000+07:00</ns1:OrgnlCreDtTm>
      <ns1:OrgnlNbOfTxs>p1:OrgnlNbOfTxs</ns1:OrgnlNbOfTxs>
      <ns1:OrgnlCtrlSum>0.0</ns1:OrgnlCtrlSum>
      <ns1:GrpSts>ACTC</ns1:GrpSts>
      <ns1:StsRsnInf>
        <ns1:Orgtr>
          <ns1:Nm>p1:Nm</ns1:Nm>
          <ns1:PstlAdr>
            <ns1:AdrTp>ADDR</ns1:AdrTp>
            <ns1:Dept>p1:Dept</ns1:Dept>
            <ns1:SubDept>p1:SubDept</ns1:SubDept>
            <ns1:StrtNm>p1:StrtNm</ns1:StrtNm>
            <ns1:BldgNb>p1:BldgNb</ns1:BldgNb>
            <ns1:PstCd>p1:PstCd</ns1:PstCd>
            <ns1:TwnNm>p1:TwnNm</ns1:TwnNm>
            <ns1:CtrySubDvsn>p1:CtrySubDvsn</ns1:CtrySubDvsn>
            <ns1:Ctry>p1:Ctry</ns1:Ctry>
            <ns1:AdrLine>p1:AdrLine</ns1:AdrLine>
          </ns1:PstlAdr>
          <ns1:Id>
            <ns1:OrgId>
              <ns1:AnyBIC>p1:AnyBIC</ns1:AnyBIC>
              <ns1:Othr>
                <ns1:Id>p1:Id</ns1:Id>
                <ns1:SchmeNm>
                  <ns1:Cd>p1:Cd</ns1:Cd>
                </ns1:SchmeNm>
                <ns1:Issr>p1:Issr</ns1:Issr>
              </ns1:Othr>
            </ns1:OrgId>
          </ns1:Id>
          <ns1:CtryOfRes>p1:CtryOfRes</ns1:CtryOfRes>
          <ns1:CtctDtls>
            <ns1:NmPrfx>DOCT</ns1:NmPrfx>
            <ns1:Nm>p1:Nm</ns1:Nm>
            <ns1:PhneNb>p1:PhneNb</ns1:PhneNb>
            <ns1:MobNb>p1:MobNb</ns1:MobNb>
            <ns1:FaxNb>p1:FaxNb</ns1:FaxNb>
            <ns1:EmailAdr>p1:EmailAdr</ns1:EmailAdr>
            <ns1:Othr>p1:Othr</ns1:Othr>
          </ns1:CtctDtls>
        </ns1:Orgtr>
        <ns1:Rsn>
          <ns1:Cd>p1:Cd</ns1:Cd>
        </ns1:Rsn>
        <ns1:AddtlInf>p1:AddtlInf</ns1:AddtlInf>
        <ns1:AddtlInf>asdfasf</ns1:AddtlInf>
        <ns1:AddtlInf>safsfsf</ns1:AddtlInf>
      </ns1:StsRsnInf>
      <ns1:NbOfTxsPerSts>
        <ns1:DtldNbOfTxs>p1:DtldNbOfTxs</ns1:DtldNbOfTxs>
        <ns1:DtldSts>ACTC</ns1:DtldSts>
        <ns1:DtldCtrlSum>0.0</ns1:DtldCtrlSum>
      </ns1:NbOfTxsPerSts>
    </ns1:OrgnlGrpInfAndSts>
    <ns1:OrgnlPmtInfAndSts>
      <ns1:OrgnlPmtInfId>p1:OrgnlPmtInfId</ns1:OrgnlPmtInfId>
      <ns1:OrgnlNbOfTxs>p1:OrgnlNbOfTxs</ns1:OrgnlNbOfTxs>
      <ns1:OrgnlCtrlSum>0.0</ns1:OrgnlCtrlSum>
      <ns1:PmtInfSts>ACTC</ns1:PmtInfSts>
      <ns1:StsRsnInf>
        <ns1:Orgtr>
          <ns1:Nm>p1:Nm</ns1:Nm>
          <ns1:PstlAdr>
            <ns1:AdrTp>ADDR</ns1:AdrTp>
            <ns1:Dept>p1:Dept</ns1:Dept>
            <ns1:SubDept>p1:SubDept</ns1:SubDept>
            <ns1:StrtNm>p1:StrtNm</ns1:StrtNm>
            <ns1:BldgNb>p1:BldgNb</ns1:BldgNb>
            <ns1:PstCd>p1:PstCd</ns1:PstCd>
            <ns1:TwnNm>p1:TwnNm</ns1:TwnNm>
            <ns1:CtrySubDvsn>p1:CtrySubDvsn</ns1:CtrySubDvsn>
            <ns1:Ctry>p1:Ctry</ns1:Ctry>
            <ns1:AdrLine>p1:AdrLine</ns1:AdrLine>
          </ns1:PstlAdr>
          <ns1:Id>
            <ns1:OrgId>
              <ns1:AnyBIC>p1:AnyBIC</ns1:AnyBIC>
              <ns1:Othr>
                <ns1:Id>p1:Id</ns1:Id>
                <ns1:SchmeNm>
                  <ns1:Cd>p1:Cd</ns1:Cd>
                </ns1:SchmeNm>
                <ns1:Issr>p1:Issr</ns1:Issr>
              </ns1:Othr>
            </ns1:OrgId>
          </ns1:Id>
          <ns1:CtryOfRes>p1:CtryOfRes</ns1:CtryOfRes>
          <ns1:CtctDtls>
            <ns1:NmPrfx>DOCT</ns1:NmPrfx>
            <ns1:Nm>p1:Nm</ns1:Nm>
            <ns1:PhneNb>p1:PhneNb</ns1:PhneNb>
            <ns1:MobNb>p1:MobNb</ns1:MobNb>
            <ns1:FaxNb>p1:FaxNb</ns1:FaxNb>
            <ns1:EmailAdr>p1:EmailAdr</ns1:EmailAdr>
            <ns1:Othr>p1:Othr</ns1:Othr>
          </ns1:CtctDtls>
        </ns1:Orgtr>
        <ns1:Rsn>
          <ns1:Prtry>ERR</ns1:Prtry>
        </ns1:Rsn>
        <ns1:AddtlInf>p1:AddtlInf</ns1:AddtlInf>
        <ns1:AddtlInf>asdfsadf</ns1:AddtlInf>
        <ns1:AddtlInf>111111111111</ns1:AddtlInf>
        <ns1:AddtlInf>22222222222222</ns1:AddtlInf>
      </ns1:StsRsnInf>
      <ns1:NbOfTxsPerSts>
        <ns1:DtldNbOfTxs>p1:DtldNbOfTxs</ns1:DtldNbOfTxs>
        <ns1:DtldSts>ACTC</ns1:DtldSts>
        <ns1:DtldCtrlSum>0.0</ns1:DtldCtrlSum>
      </ns1:NbOfTxsPerSts>
      <ns1:TxInfAndSts>
        <ns1:StsId>p1:StsId</ns1:StsId>
        <ns1:OrgnlInstrId>p1:OrgnlInstrId</ns1:OrgnlInstrId>
        <ns1:OrgnlEndToEndId>p1:OrgnlEndToEndId</ns1:OrgnlEndToEndId>
        <ns1:TxSts>ACTC</ns1:TxSts>
        <ns1:StsRsnInf>
          <ns1:Orgtr>
            <ns1:Nm>p1:Nm</ns1:Nm>
            <ns1:PstlAdr>
              <ns1:AdrTp>ADDR</ns1:AdrTp>
              <ns1:Dept>p1:Dept</ns1:Dept>
              <ns1:SubDept>p1:SubDept</ns1:SubDept>
              <ns1:StrtNm>p1:StrtNm</ns1:StrtNm>
              <ns1:BldgNb>p1:BldgNb</ns1:BldgNb>
              <ns1:PstCd>p1:PstCd</ns1:PstCd>
              <ns1:TwnNm>p1:TwnNm</ns1:TwnNm>
              <ns1:CtrySubDvsn>p1:CtrySubDvsn</ns1:CtrySubDvsn>
              <ns1:Ctry>p1:Ctry</ns1:Ctry>
              <ns1:AdrLine>p1:AdrLine</ns1:AdrLine>
            </ns1:PstlAdr>
            <ns1:Id>
              <ns1:OrgId>
                <ns1:AnyBIC>p1:AnyBIC</ns1:AnyBIC>
                <ns1:Othr>
                  <ns1:Id>p1:Id</ns1:Id>
                  <ns1:SchmeNm>
                    <ns1:Cd>p1:Cd</ns1:Cd>
                  </ns1:SchmeNm>
                  <ns1:Issr>p1:Issr</ns1:Issr>
                </ns1:Othr>
              </ns1:OrgId>
            </ns1:Id>
            <ns1:CtryOfRes>p1:CtryOfRes</ns1:CtryOfRes>
            <ns1:CtctDtls>
              <ns1:NmPrfx>DOCT</ns1:NmPrfx>
              <ns1:Nm>p1:Nm</ns1:Nm>
              <ns1:PhneNb>p1:PhneNb</ns1:PhneNb>
              <ns1:MobNb>p1:MobNb</ns1:MobNb>
              <ns1:FaxNb>p1:FaxNb</ns1:FaxNb>
              <ns1:EmailAdr>p1:EmailAdr</ns1:EmailAdr>
              <ns1:Othr>p1:Othr</ns1:Othr>
            </ns1:CtctDtls>
          </ns1:Orgtr>
          <ns1:Rsn>
            <ns1:Cd>p1:Cd</ns1:Cd>
          </ns1:Rsn>
          <ns1:AddtlInf>p1:AddtlInf</ns1:AddtlInf>
        </ns1:StsRsnInf>
        <ns1:ChrgsInf>
          <ns1:Amt Ccy="">0.0</ns1:Amt>
          <ns1:Agt>
            <ns1:FinInstnId>
              <ns1:BICFI>p1:BICFI</ns1:BICFI>
              <ns1:ClrSysMmbId>
                <ns1:ClrSysId>
                  <ns1:Cd>p1:Cd</ns1:Cd>
                </ns1:ClrSysId>
                <ns1:MmbId>p1:MmbId</ns1:MmbId>
              </ns1:ClrSysMmbId>
              <ns1:Nm>p1:Nm</ns1:Nm>
              <ns1:PstlAdr>
                <ns1:AdrTp>ADDR</ns1:AdrTp>
                <ns1:Dept>p1:Dept</ns1:Dept>
                <ns1:SubDept>p1:SubDept</ns1:SubDept>
                <ns1:StrtNm>p1:StrtNm</ns1:StrtNm>
                <ns1:BldgNb>p1:BldgNb</ns1:BldgNb>
                <ns1:PstCd>p1:PstCd</ns1:PstCd>
                <ns1:TwnNm>p1:TwnNm</ns1:TwnNm>
                <ns1:CtrySubDvsn>p1:CtrySubDvsn</ns1:CtrySubDvsn>
                <ns1:Ctry>p1:Ctry</ns1:Ctry>
                <ns1:AdrLine>p1:AdrLine</ns1:AdrLine>
              </ns1:PstlAdr>
              <ns1:Othr>
                <ns1:Id>p1:Id</ns1:Id>
                <ns1:SchmeNm>
                  <ns1:Cd>p1:Cd</ns1:Cd>
                </ns1:SchmeNm>
                <ns1:Issr>p1:Issr</ns1:Issr>
              </ns1:Othr>
            </ns1:FinInstnId>
            <ns1:BrnchId>
              <ns1:Id>p1:Id</ns1:Id>
              <ns1:Nm>p1:Nm</ns1:Nm>
              <ns1:PstlAdr>
                <ns1:AdrTp>ADDR</ns1:AdrTp>
                <ns1:Dept>p1:Dept</ns1:Dept>
                <ns1:SubDept>p1:SubDept</ns1:SubDept>
                <ns1:StrtNm>p1:StrtNm</ns1:StrtNm>
                <ns1:BldgNb>p1:BldgNb</ns1:BldgNb>
                <ns1:PstCd>p1:PstCd</ns1:PstCd>
                <ns1:TwnNm>p1:TwnNm</ns1:TwnNm>
                <ns1:CtrySubDvsn>p1:CtrySubDvsn</ns1:CtrySubDvsn>
                <ns1:Ctry>p1:Ctry</ns1:Ctry>
                <ns1:AdrLine>p1:AdrLine</ns1:AdrLine>
              </ns1:PstlAdr>
            </ns1:BrnchId>
          </ns1:Agt>
        </ns1:ChrgsInf>
        <ns1:AccptncDtTm>2001-12-31T12:00:00.000+07:00</ns1:AccptncDtTm>
        <ns1:AcctSvcrRef>p1:AcctSvcrRef</ns1:AcctSvcrRef>
        <ns1:ClrSysRef>p1:ClrSysRef</ns1:ClrSysRef>
        <ns1:OrgnlTxRef>
          <ns1:IntrBkSttlmAmt Ccy="">0.0</ns1:IntrBkSttlmAmt>
          <ns1:Amt>
            <ns1:InstdAmt Ccy="">0.0</ns1:InstdAmt>
          </ns1:Amt>
          <ns1:IntrBkSttlmDt>2001-01-01</ns1:IntrBkSttlmDt>
          <ns1:ReqdColltnDt>2001-01-01</ns1:ReqdColltnDt>
          <ns1:ReqdExctnDt>2001-01-01</ns1:ReqdExctnDt>
          <ns1:CdtrSchmeId>
            <ns1:Nm>p1:Nm</ns1:Nm>
            <ns1:PstlAdr>
              <ns1:AdrTp>ADDR</ns1:AdrTp>
              <ns1:Dept>p1:Dept</ns1:Dept>
              <ns1:SubDept>p1:SubDept</ns1:SubDept>
              <ns1:StrtNm>p1:StrtNm</ns1:StrtNm>
              <ns1:BldgNb>p1:BldgNb</ns1:BldgNb>
              <ns1:PstCd>p1:PstCd</ns1:PstCd>
              <ns1:TwnNm>p1:TwnNm</ns1:TwnNm>
              <ns1:CtrySubDvsn>p1:CtrySubDvsn</ns1:CtrySubDvsn>
              <ns1:Ctry>p1:Ctry</ns1:Ctry>
              <ns1:AdrLine>p1:AdrLine</ns1:AdrLine>
            </ns1:PstlAdr>
            <ns1:Id>
              <ns1:OrgId>
                <ns1:AnyBIC>p1:AnyBIC</ns1:AnyBIC>
                <ns1:Othr>
                  <ns1:Id>p1:Id</ns1:Id>
                  <ns1:SchmeNm>
                    <ns1:Cd>p1:Cd</ns1:Cd>
                  </ns1:SchmeNm>
                  <ns1:Issr>p1:Issr</ns1:Issr>
                </ns1:Othr>
              </ns1:OrgId>
            </ns1:Id>
            <ns1:CtryOfRes>p1:CtryOfRes</ns1:CtryOfRes>
            <ns1:CtctDtls>
              <ns1:NmPrfx>DOCT</ns1:NmPrfx>
              <ns1:Nm>p1:Nm</ns1:Nm>
              <ns1:PhneNb>p1:PhneNb</ns1:PhneNb>
              <ns1:MobNb>p1:MobNb</ns1:MobNb>
              <ns1:FaxNb>p1:FaxNb</ns1:FaxNb>
              <ns1:EmailAdr>p1:EmailAdr</ns1:EmailAdr>
              <ns1:Othr>p1:Othr</ns1:Othr>
            </ns1:CtctDtls>
          </ns1:CdtrSchmeId>
          <ns1:SttlmInf>
            <ns1:SttlmMtd>INDA</ns1:SttlmMtd>
            <ns1:SttlmAcct>
              <ns1:Id>
                <ns1:IBAN>p1:IBAN</ns1:IBAN>
              </ns1:Id>
              <ns1:Tp>
                <ns1:Cd>p1:Cd</ns1:Cd>
              </ns1:Tp>
              <ns1:Ccy>p1:Ccy</ns1:Ccy>
              <ns1:Nm>p1:Nm</ns1:Nm>
            </ns1:SttlmAcct>
            <ns1:ClrSys>
              <ns1:Cd>p1:Cd</ns1:Cd>
            </ns1:ClrSys>
            <ns1:InstgRmbrsmntAgt>
              <ns1:FinInstnId>
                <ns1:BICFI>p1:BICFI</ns1:BICFI>
                <ns1:ClrSysMmbId>
                  <ns1:ClrSysId>
                    <ns1:Cd>p1:Cd</ns1:Cd>
                  </ns1:ClrSysId>
                  <ns1:MmbId>p1:MmbId</ns1:MmbId>
                </ns1:ClrSysMmbId>
                <ns1:Nm>p1:Nm</ns1:Nm>
                <ns1:PstlAdr>
                  <ns1:AdrTp>ADDR</ns1:AdrTp>
                  <ns1:Dept>p1:Dept</ns1:Dept>
                  <ns1:SubDept>p1:SubDept</ns1:SubDept>
                  <ns1:StrtNm>p1:StrtNm</ns1:StrtNm>
                  <ns1:BldgNb>p1:BldgNb</ns1:BldgNb>
                  <ns1:PstCd>p1:PstCd</ns1:PstCd>
                  <ns1:TwnNm>p1:TwnNm</ns1:TwnNm>
                  <ns1:CtrySubDvsn>p1:CtrySubDvsn</ns1:CtrySubDvsn>
                  <ns1:Ctry>p1:Ctry</ns1:Ctry>
                  <ns1:AdrLine>p1:AdrLine</ns1:AdrLine>
                </ns1:PstlAdr>
                <ns1:Othr>
                  <ns1:Id>p1:Id</ns1:Id>
                  <ns1:SchmeNm>
                    <ns1:Cd>p1:Cd</ns1:Cd>
                  </ns1:SchmeNm>
                  <ns1:Issr>p1:Issr</ns1:Issr>
                </ns1:Othr>
              </ns1:FinInstnId>
              <ns1:BrnchId>
                <ns1:Id>p1:Id</ns1:Id>
                <ns1:Nm>p1:Nm</ns1:Nm>
                <ns1:PstlAdr>
                  <ns1:AdrTp>ADDR</ns1:AdrTp>
                  <ns1:Dept>p1:Dept</ns1:Dept>
                  <ns1:SubDept>p1:SubDept</ns1:SubDept>
                  <ns1:StrtNm>p1:StrtNm</ns1:StrtNm>
                  <ns1:BldgNb>p1:BldgNb</ns1:BldgNb>
                  <ns1:PstCd>p1:PstCd</ns1:PstCd>
                  <ns1:TwnNm>p1:TwnNm</ns1:TwnNm>
                  <ns1:CtrySubDvsn>p1:CtrySubDvsn</ns1:CtrySubDvsn>
                  <ns1:Ctry>p1:Ctry</ns1:Ctry>
                  <ns1:AdrLine>p1:AdrLine</ns1:AdrLine>
                </ns1:PstlAdr>
              </ns1:BrnchId>
            </ns1:InstgRmbrsmntAgt>
            <ns1:InstgRmbrsmntAgtAcct>
              <ns1:Id>
                <ns1:IBAN>p1:IBAN</ns1:IBAN>
              </ns1:Id>
              <ns1:Tp>
                <ns1:Cd>p1:Cd</ns1:Cd>
              </ns1:Tp>
              <ns1:Ccy>p1:Ccy</ns1:Ccy>
              <ns1:Nm>p1:Nm</ns1:Nm>
            </ns1:InstgRmbrsmntAgtAcct>
            <ns1:InstdRmbrsmntAgt>
              <ns1:FinInstnId>
                <ns1:BICFI>p1:BICFI</ns1:BICFI>
                <ns1:ClrSysMmbId>
                  <ns1:ClrSysId>
                    <ns1:Cd>p1:Cd</ns1:Cd>
                  </ns1:ClrSysId>
                  <ns1:MmbId>p1:MmbId</ns1:MmbId>
                </ns1:ClrSysMmbId>
                <ns1:Nm>p1:Nm</ns1:Nm>
                <ns1:PstlAdr>
                  <ns1:AdrTp>ADDR</ns1:AdrTp>
                  <ns1:Dept>p1:Dept</ns1:Dept>
                  <ns1:SubDept>p1:SubDept</ns1:SubDept>
                  <ns1:StrtNm>p1:StrtNm</ns1:StrtNm>
                  <ns1:BldgNb>p1:BldgNb</ns1:BldgNb>
                  <ns1:PstCd>p1:PstCd</ns1:PstCd>
                  <ns1:TwnNm>p1:TwnNm</ns1:TwnNm>
                  <ns1:CtrySubDvsn>p1:CtrySubDvsn</ns1:CtrySubDvsn>
                  <ns1:Ctry>p1:Ctry</ns1:Ctry>
                  <ns1:AdrLine>p1:AdrLine</ns1:AdrLine>
                </ns1:PstlAdr>
                <ns1:Othr>
                  <ns1:Id>p1:Id</ns1:Id>
                  <ns1:SchmeNm>
                    <ns1:Cd>p1:Cd</ns1:Cd>
                  </ns1:SchmeNm>
                  <ns1:Issr>p1:Issr</ns1:Issr>
                </ns1:Othr>
              </ns1:FinInstnId>
              <ns1:BrnchId>
                <ns1:Id>p1:Id</ns1:Id>
                <ns1:Nm>p1:Nm</ns1:Nm>
                <ns1:PstlAdr>
                  <ns1:AdrTp>ADDR</ns1:AdrTp>
                  <ns1:Dept>p1:Dept</ns1:Dept>
                  <ns1:SubDept>p1:SubDept</ns1:SubDept>
                  <ns1:StrtNm>p1:StrtNm</ns1:StrtNm>
                  <ns1:BldgNb>p1:BldgNb</ns1:BldgNb>
                  <ns1:PstCd>p1:PstCd</ns1:PstCd>
                  <ns1:TwnNm>p1:TwnNm</ns1:TwnNm>
                  <ns1:CtrySubDvsn>p1:CtrySubDvsn</ns1:CtrySubDvsn>
                  <ns1:Ctry>p1:Ctry</ns1:Ctry>
                  <ns1:AdrLine>p1:AdrLine</ns1:AdrLine>
                </ns1:PstlAdr>
              </ns1:BrnchId>
            </ns1:InstdRmbrsmntAgt>
            <ns1:InstdRmbrsmntAgtAcct>
              <ns1:Id>
                <ns1:IBAN>p1:IBAN</ns1:IBAN>
              </ns1:Id>
              <ns1:Tp>
                <ns1:Cd>p1:Cd</ns1:Cd>
              </ns1:Tp>
              <ns1:Ccy>p1:Ccy</ns1:Ccy>
              <ns1:Nm>p1:Nm</ns1:Nm>
            </ns1:InstdRmbrsmntAgtAcct>
            <ns1:ThrdRmbrsmntAgt>
              <ns1:FinInstnId>
                <ns1:BICFI>p1:BICFI</ns1:BICFI>
                <ns1:ClrSysMmbId>
                  <ns1:ClrSysId>
                    <ns1:Cd>p1:Cd</ns1:Cd>
                  </ns1:ClrSysId>
                  <ns1:MmbId>p1:MmbId</ns1:MmbId>
                </ns1:ClrSysMmbId>
                <ns1:Nm>p1:Nm</ns1:Nm>
                <ns1:PstlAdr>
                  <ns1:AdrTp>ADDR</ns1:AdrTp>
                  <ns1:Dept>p1:Dept</ns1:Dept>
                  <ns1:SubDept>p1:SubDept</ns1:SubDept>
                  <ns1:StrtNm>p1:StrtNm</ns1:StrtNm>
                  <ns1:BldgNb>p1:BldgNb</ns1:BldgNb>
                  <ns1:PstCd>p1:PstCd</ns1:PstCd>
                  <ns1:TwnNm>p1:TwnNm</ns1:TwnNm>
                  <ns1:CtrySubDvsn>p1:CtrySubDvsn</ns1:CtrySubDvsn>
                  <ns1:Ctry>p1:Ctry</ns1:Ctry>
                  <ns1:AdrLine>p1:AdrLine</ns1:AdrLine>
                </ns1:PstlAdr>
                <ns1:Othr>
                  <ns1:Id>p1:Id</ns1:Id>
                  <ns1:SchmeNm>
                    <ns1:Cd>p1:Cd</ns1:Cd>
                  </ns1:SchmeNm>
                  <ns1:Issr>p1:Issr</ns1:Issr>
                </ns1:Othr>
              </ns1:FinInstnId>
              <ns1:BrnchId>
                <ns1:Id>p1:Id</ns1:Id>
                <ns1:Nm>p1:Nm</ns1:Nm>
                <ns1:PstlAdr>
                  <ns1:AdrTp>ADDR</ns1:AdrTp>
                  <ns1:Dept>p1:Dept</ns1:Dept>
                  <ns1:SubDept>p1:SubDept</ns1:SubDept>
                  <ns1:StrtNm>p1:StrtNm</ns1:StrtNm>
                  <ns1:BldgNb>p1:BldgNb</ns1:BldgNb>
                  <ns1:PstCd>p1:PstCd</ns1:PstCd>
                  <ns1:TwnNm>p1:TwnNm</ns1:TwnNm>
                  <ns1:CtrySubDvsn>p1:CtrySubDvsn</ns1:CtrySubDvsn>
                  <ns1:Ctry>p1:Ctry</ns1:Ctry>
                  <ns1:AdrLine>p1:AdrLine</ns1:AdrLine>
                </ns1:PstlAdr>
              </ns1:BrnchId>
            </ns1:ThrdRmbrsmntAgt>
            <ns1:ThrdRmbrsmntAgtAcct>
              <ns1:Id>
                <ns1:IBAN>p1:IBAN</ns1:IBAN>
              </ns1:Id>
              <ns1:Tp>
                <ns1:Cd>p1:Cd</ns1:Cd>
              </ns1:Tp>
              <ns1:Ccy>p1:Ccy</ns1:Ccy>
              <ns1:Nm>p1:Nm</ns1:Nm>
            </ns1:ThrdRmbrsmntAgtAcct>
          </ns1:SttlmInf>
          <ns1:PmtTpInf>
            <ns1:InstrPrty>HIGH</ns1:InstrPrty>
            <ns1:ClrChanl>RTGS</ns1:ClrChanl>
            <ns1:SvcLvl>
              <ns1:Cd>p1:Cd</ns1:Cd>
            </ns1:SvcLvl>
            <ns1:LclInstrm>
              <ns1:Cd>p1:Cd</ns1:Cd>
            </ns1:LclInstrm>
            <ns1:SeqTp>FRST</ns1:SeqTp>
            <ns1:CtgyPurp>
              <ns1:Cd>p1:Cd</ns1:Cd>
            </ns1:CtgyPurp>
          </ns1:PmtTpInf>
          <ns1:PmtMtd>CHK</ns1:PmtMtd>
          <ns1:MndtRltdInf>
            <ns1:MndtId>p1:MndtId</ns1:MndtId>
            <ns1:DtOfSgntr>2001-01-01</ns1:DtOfSgntr>
            <ns1:AmdmntInd>true</ns1:AmdmntInd>
            <ns1:AmdmntInfDtls>
              <ns1:OrgnlMndtId>p1:OrgnlMndtId</ns1:OrgnlMndtId>
              <ns1:OrgnlCdtrSchmeId>
                <ns1:Nm>p1:Nm</ns1:Nm>
                <ns1:PstlAdr>
                  <ns1:AdrTp>ADDR</ns1:AdrTp>
                  <ns1:Dept>p1:Dept</ns1:Dept>
                  <ns1:SubDept>p1:SubDept</ns1:SubDept>
                  <ns1:StrtNm>p1:StrtNm</ns1:StrtNm>
                  <ns1:BldgNb>p1:BldgNb</ns1:BldgNb>
                  <ns1:PstCd>p1:PstCd</ns1:PstCd>
                  <ns1:TwnNm>p1:TwnNm</ns1:TwnNm>
                  <ns1:CtrySubDvsn>p1:CtrySubDvsn</ns1:CtrySubDvsn>
                  <ns1:Ctry>p1:Ctry</ns1:Ctry>
                  <ns1:AdrLine>p1:AdrLine</ns1:AdrLine>
                </ns1:PstlAdr>
                <ns1:Id>
                  <ns1:OrgId>
                    <ns1:AnyBIC>p1:AnyBIC</ns1:AnyBIC>
                    <ns1:Othr>
                      <ns1:Id>p1:Id</ns1:Id>
                      <ns1:SchmeNm>
                        <ns1:Cd>p1:Cd</ns1:Cd>
                      </ns1:SchmeNm>
                      <ns1:Issr>p1:Issr</ns1:Issr>
                    </ns1:Othr>
                  </ns1:OrgId>
                </ns1:Id>
                <ns1:CtryOfRes>p1:CtryOfRes</ns1:CtryOfRes>
                <ns1:CtctDtls>
                  <ns1:NmPrfx>DOCT</ns1:NmPrfx>
                  <ns1:Nm>p1:Nm</ns1:Nm>
                  <ns1:PhneNb>p1:PhneNb</ns1:PhneNb>
                  <ns1:MobNb>p1:MobNb</ns1:MobNb>
                  <ns1:FaxNb>p1:FaxNb</ns1:FaxNb>
                  <ns1:EmailAdr>p1:EmailAdr</ns1:EmailAdr>
                  <ns1:Othr>p1:Othr</ns1:Othr>
                </ns1:CtctDtls>
              </ns1:OrgnlCdtrSchmeId>
              <ns1:OrgnlCdtrAgt>
                <ns1:FinInstnId>
                  <ns1:BICFI>p1:BICFI</ns1:BICFI>
                  <ns1:ClrSysMmbId>
                    <ns1:ClrSysId>
                      <ns1:Cd>p1:Cd</ns1:Cd>
                    </ns1:ClrSysId>
                    <ns1:MmbId>p1:MmbId</ns1:MmbId>
                  </ns1:ClrSysMmbId>
                  <ns1:Nm>p1:Nm</ns1:Nm>
                  <ns1:PstlAdr>
                    <ns1:AdrTp>ADDR</ns1:AdrTp>
                    <ns1:Dept>p1:Dept</ns1:Dept>
                    <ns1:SubDept>p1:SubDept</ns1:SubDept>
                    <ns1:StrtNm>p1:StrtNm</ns1:StrtNm>
                    <ns1:BldgNb>p1:BldgNb</ns1:BldgNb>
                    <ns1:PstCd>p1:PstCd</ns1:PstCd>
                    <ns1:TwnNm>p1:TwnNm</ns1:TwnNm>
                    <ns1:CtrySubDvsn>p1:CtrySubDvsn</ns1:CtrySubDvsn>
                    <ns1:Ctry>p1:Ctry</ns1:Ctry>
                    <ns1:AdrLine>p1:AdrLine</ns1:AdrLine>
                  </ns1:PstlAdr>
                  <ns1:Othr>
                    <ns1:Id>p1:Id</ns1:Id>
                    <ns1:SchmeNm>
                      <ns1:Cd>p1:Cd</ns1:Cd>
                    </ns1:SchmeNm>
                    <ns1:Issr>p1:Issr</ns1:Issr>
                  </ns1:Othr>
                </ns1:FinInstnId>
                <ns1:BrnchId>
                  <ns1:Id>p1:Id</ns1:Id>
                  <ns1:Nm>p1:Nm</ns1:Nm>
                  <ns1:PstlAdr>
                    <ns1:AdrTp>ADDR</ns1:AdrTp>
                    <ns1:Dept>p1:Dept</ns1:Dept>
                    <ns1:SubDept>p1:SubDept</ns1:SubDept>
                    <ns1:StrtNm>p1:StrtNm</ns1:StrtNm>
                    <ns1:BldgNb>p1:BldgNb</ns1:BldgNb>
                    <ns1:PstCd>p1:PstCd</ns1:PstCd>
                    <ns1:TwnNm>p1:TwnNm</ns1:TwnNm>
                    <ns1:CtrySubDvsn>p1:CtrySubDvsn</ns1:CtrySubDvsn>
                    <ns1:Ctry>p1:Ctry</ns1:Ctry>
                    <ns1:AdrLine>p1:AdrLine</ns1:AdrLine>
                  </ns1:PstlAdr>
                </ns1:BrnchId>
              </ns1:OrgnlCdtrAgt>
              <ns1:OrgnlCdtrAgtAcct>
                <ns1:Id>
                  <ns1:IBAN>p1:IBAN</ns1:IBAN>
                </ns1:Id>
                <ns1:Tp>
                  <ns1:Cd>p1:Cd</ns1:Cd>
                </ns1:Tp>
                <ns1:Ccy>p1:Ccy</ns1:Ccy>
                <ns1:Nm>p1:Nm</ns1:Nm>
              </ns1:OrgnlCdtrAgtAcct>
              <ns1:OrgnlDbtr>
                <ns1:Nm>p1:Nm</ns1:Nm>
                <ns1:PstlAdr>
                  <ns1:AdrTp>ADDR</ns1:AdrTp>
                  <ns1:Dept>p1:Dept</ns1:Dept>
                  <ns1:SubDept>p1:SubDept</ns1:SubDept>
                  <ns1:StrtNm>p1:StrtNm</ns1:StrtNm>
                  <ns1:BldgNb>p1:BldgNb</ns1:BldgNb>
                  <ns1:PstCd>p1:PstCd</ns1:PstCd>
                  <ns1:TwnNm>p1:TwnNm</ns1:TwnNm>
                  <ns1:CtrySubDvsn>p1:CtrySubDvsn</ns1:CtrySubDvsn>
                  <ns1:Ctry>p1:Ctry</ns1:Ctry>
                  <ns1:AdrLine>p1:AdrLine</ns1:AdrLine>
                </ns1:PstlAdr>
                <ns1:Id>
                  <ns1:OrgId>
                    <ns1:AnyBIC>p1:AnyBIC</ns1:AnyBIC>
                    <ns1:Othr>
                      <ns1:Id>p1:Id</ns1:Id>
                      <ns1:SchmeNm>
                        <ns1:Cd>p1:Cd</ns1:Cd>
                      </ns1:SchmeNm>
                      <ns1:Issr>p1:Issr</ns1:Issr>
                    </ns1:Othr>
                  </ns1:OrgId>
                </ns1:Id>
                <ns1:CtryOfRes>p1:CtryOfRes</ns1:CtryOfRes>
                <ns1:CtctDtls>
                  <ns1:NmPrfx>DOCT</ns1:NmPrfx>
                  <ns1:Nm>p1:Nm</ns1:Nm>
                  <ns1:PhneNb>p1:PhneNb</ns1:PhneNb>
                  <ns1:MobNb>p1:MobNb</ns1:MobNb>
                  <ns1:FaxNb>p1:FaxNb</ns1:FaxNb>
                  <ns1:EmailAdr>p1:EmailAdr</ns1:EmailAdr>
                  <ns1:Othr>p1:Othr</ns1:Othr>
                </ns1:CtctDtls>
              </ns1:OrgnlDbtr>
              <ns1:OrgnlDbtrAcct>
                <ns1:Id>
                  <ns1:IBAN>p1:IBAN</ns1:IBAN>
                </ns1:Id>
                <ns1:Tp>
                  <ns1:Cd>p1:Cd</ns1:Cd>
                </ns1:Tp>
                <ns1:Ccy>p1:Ccy</ns1:Ccy>
                <ns1:Nm>p1:Nm</ns1:Nm>
              </ns1:OrgnlDbtrAcct>
              <ns1:OrgnlDbtrAgt>
                <ns1:FinInstnId>
                  <ns1:BICFI>p1:BICFI</ns1:BICFI>
                  <ns1:ClrSysMmbId>
                    <ns1:ClrSysId>
                      <ns1:Cd>p1:Cd</ns1:Cd>
                    </ns1:ClrSysId>
                    <ns1:MmbId>p1:MmbId</ns1:MmbId>
                  </ns1:ClrSysMmbId>
                  <ns1:Nm>p1:Nm</ns1:Nm>
                  <ns1:PstlAdr>
                    <ns1:AdrTp>ADDR</ns1:AdrTp>
                    <ns1:Dept>p1:Dept</ns1:Dept>
                    <ns1:SubDept>p1:SubDept</ns1:SubDept>
                    <ns1:StrtNm>p1:StrtNm</ns1:StrtNm>
                    <ns1:BldgNb>p1:BldgNb</ns1:BldgNb>
                    <ns1:PstCd>p1:PstCd</ns1:PstCd>
                    <ns1:TwnNm>p1:TwnNm</ns1:TwnNm>
                    <ns1:CtrySubDvsn>p1:CtrySubDvsn</ns1:CtrySubDvsn>
                    <ns1:Ctry>p1:Ctry</ns1:Ctry>
                    <ns1:AdrLine>p1:AdrLine</ns1:AdrLine>
                  </ns1:PstlAdr>
                  <ns1:Othr>
                    <ns1:Id>p1:Id</ns1:Id>
                    <ns1:SchmeNm>
                      <ns1:Cd>p1:Cd</ns1:Cd>
                    </ns1:SchmeNm>
                    <ns1:Issr>p1:Issr</ns1:Issr>
                  </ns1:Othr>
                </ns1:FinInstnId>
                <ns1:BrnchId>
                  <ns1:Id>p1:Id</ns1:Id>
                  <ns1:Nm>p1:Nm</ns1:Nm>
                  <ns1:PstlAdr>
                    <ns1:AdrTp>ADDR</ns1:AdrTp>
                    <ns1:Dept>p1:Dept</ns1:Dept>
                    <ns1:SubDept>p1:SubDept</ns1:SubDept>
                    <ns1:StrtNm>p1:StrtNm</ns1:StrtNm>
                    <ns1:BldgNb>p1:BldgNb</ns1:BldgNb>
                    <ns1:PstCd>p1:PstCd</ns1:PstCd>
                    <ns1:TwnNm>p1:TwnNm</ns1:TwnNm>
                    <ns1:CtrySubDvsn>p1:CtrySubDvsn</ns1:CtrySubDvsn>
                    <ns1:Ctry>p1:Ctry</ns1:Ctry>
                    <ns1:AdrLine>p1:AdrLine</ns1:AdrLine>
                  </ns1:PstlAdr>
                </ns1:BrnchId>
              </ns1:OrgnlDbtrAgt>
              <ns1:OrgnlDbtrAgtAcct>
                <ns1:Id>
                  <ns1:IBAN>p1:IBAN</ns1:IBAN>
                </ns1:Id>
                <ns1:Tp>
                  <ns1:Cd>p1:Cd</ns1:Cd>
                </ns1:Tp>
                <ns1:Ccy>p1:Ccy</ns1:Ccy>
                <ns1:Nm>p1:Nm</ns1:Nm>
              </ns1:OrgnlDbtrAgtAcct>
              <ns1:OrgnlFnlColltnDt>2001-01-01</ns1:OrgnlFnlColltnDt>
              <ns1:OrgnlFrqcy>YEAR</ns1:OrgnlFrqcy>
            </ns1:AmdmntInfDtls>
            <ns1:ElctrncSgntr>p1:ElctrncSgntr</ns1:ElctrncSgntr>
            <ns1:FrstColltnDt>2001-01-01</ns1:FrstColltnDt>
            <ns1:FnlColltnDt>2001-01-01</ns1:FnlColltnDt>
            <ns1:Frqcy>YEAR</ns1:Frqcy>
          </ns1:MndtRltdInf>
          <ns1:RmtInf>
            <ns1:Ustrd>p1:Ustrd</ns1:Ustrd>
            <ns1:Strd>
              <ns1:RfrdDocInf>
                <ns1:Tp>
                  <ns1:CdOrPrtry>
                    <ns1:Cd>MSIN</ns1:Cd>
                  </ns1:CdOrPrtry>
                  <ns1:Issr>p1:Issr</ns1:Issr>
                </ns1:Tp>
                <ns1:Nb>p1:Nb</ns1:Nb>
                <ns1:RltdDt>2001-01-01</ns1:RltdDt>
              </ns1:RfrdDocInf>
              <ns1:RfrdDocAmt>
                <ns1:DuePyblAmt Ccy="">0.0</ns1:DuePyblAmt>
                <ns1:DscntApldAmt>
                  <ns1:Tp>
                    <ns1:Cd>p1:Cd</ns1:Cd>
                  </ns1:Tp>
                  <ns1:Amt Ccy="">0.0</ns1:Amt>
                </ns1:DscntApldAmt>
                <ns1:CdtNoteAmt Ccy="">0.0</ns1:CdtNoteAmt>
                <ns1:TaxAmt>
                  <ns1:Tp>
                    <ns1:Cd>p1:Cd</ns1:Cd>
                  </ns1:Tp>
                  <ns1:Amt Ccy="">0.0</ns1:Amt>
                </ns1:TaxAmt>
                <ns1:AdjstmntAmtAndRsn>
                  <ns1:Amt Ccy="">0.0</ns1:Amt>
                  <ns1:CdtDbtInd>CRDT</ns1:CdtDbtInd>
                  <ns1:Rsn>p1:Rsn</ns1:Rsn>
                  <ns1:AddtlInf>p1:AddtlInf</ns1:AddtlInf>
                </ns1:AdjstmntAmtAndRsn>
                <ns1:RmtdAmt Ccy="">0.0</ns1:RmtdAmt>
              </ns1:RfrdDocAmt>
              <ns1:CdtrRefInf>
                <ns1:Tp>
                  <ns1:CdOrPrtry>
                    <ns1:Cd>RADM</ns1:Cd>
                  </ns1:CdOrPrtry>
                  <ns1:Issr>p1:Issr</ns1:Issr>
                </ns1:Tp>
                <ns1:Ref>p1:Ref</ns1:Ref>
              </ns1:CdtrRefInf>
              <ns1:Invcr>
                <ns1:Nm>p1:Nm</ns1:Nm>
                <ns1:PstlAdr>
                  <ns1:AdrTp>ADDR</ns1:AdrTp>
                  <ns1:Dept>p1:Dept</ns1:Dept>
                  <ns1:SubDept>p1:SubDept</ns1:SubDept>
                  <ns1:StrtNm>p1:StrtNm</ns1:StrtNm>
                  <ns1:BldgNb>p1:BldgNb</ns1:BldgNb>
                  <ns1:PstCd>p1:PstCd</ns1:PstCd>
                  <ns1:TwnNm>p1:TwnNm</ns1:TwnNm>
                  <ns1:CtrySubDvsn>p1:CtrySubDvsn</ns1:CtrySubDvsn>
                  <ns1:Ctry>p1:Ctry</ns1:Ctry>
                  <ns1:AdrLine>p1:AdrLine</ns1:AdrLine>
                </ns1:PstlAdr>
                <ns1:Id>
                  <ns1:OrgId>
                    <ns1:AnyBIC>p1:AnyBIC</ns1:AnyBIC>
                    <ns1:Othr>
                      <ns1:Id>p1:Id</ns1:Id>
                      <ns1:SchmeNm>
                        <ns1:Cd>p1:Cd</ns1:Cd>
                      </ns1:SchmeNm>
                      <ns1:Issr>p1:Issr</ns1:Issr>
                    </ns1:Othr>
                  </ns1:OrgId>
                </ns1:Id>
                <ns1:CtryOfRes>p1:CtryOfRes</ns1:CtryOfRes>
                <ns1:CtctDtls>
                  <ns1:NmPrfx>DOCT</ns1:NmPrfx>
                  <ns1:Nm>p1:Nm</ns1:Nm>
                  <ns1:PhneNb>p1:PhneNb</ns1:PhneNb>
                  <ns1:MobNb>p1:MobNb</ns1:MobNb>
                  <ns1:FaxNb>p1:FaxNb</ns1:FaxNb>
                  <ns1:EmailAdr>p1:EmailAdr</ns1:EmailAdr>
                  <ns1:Othr>p1:Othr</ns1:Othr>
                </ns1:CtctDtls>
              </ns1:Invcr>
              <ns1:Invcee>
                <ns1:Nm>p1:Nm</ns1:Nm>
                <ns1:PstlAdr>
                  <ns1:AdrTp>ADDR</ns1:AdrTp>
                  <ns1:Dept>p1:Dept</ns1:Dept>
                  <ns1:SubDept>p1:SubDept</ns1:SubDept>
                  <ns1:StrtNm>p1:StrtNm</ns1:StrtNm>
                  <ns1:BldgNb>p1:BldgNb</ns1:BldgNb>
                  <ns1:PstCd>p1:PstCd</ns1:PstCd>
                  <ns1:TwnNm>p1:TwnNm</ns1:TwnNm>
                  <ns1:CtrySubDvsn>p1:CtrySubDvsn</ns1:CtrySubDvsn>
                  <ns1:Ctry>p1:Ctry</ns1:Ctry>
                  <ns1:AdrLine>p1:AdrLine</ns1:AdrLine>
                </ns1:PstlAdr>
                <ns1:Id>
                  <ns1:OrgId>
                    <ns1:AnyBIC>p1:AnyBIC</ns1:AnyBIC>
                    <ns1:Othr>
                      <ns1:Id>p1:Id</ns1:Id>
                      <ns1:SchmeNm>
                        <ns1:Cd>p1:Cd</ns1:Cd>
                      </ns1:SchmeNm>
                      <ns1:Issr>p1:Issr</ns1:Issr>
                    </ns1:Othr>
                  </ns1:OrgId>
                </ns1:Id>
                <ns1:CtryOfRes>p1:CtryOfRes</ns1:CtryOfRes>
                <ns1:CtctDtls>
                  <ns1:NmPrfx>DOCT</ns1:NmPrfx>
                  <ns1:Nm>p1:Nm</ns1:Nm>
                  <ns1:PhneNb>p1:PhneNb</ns1:PhneNb>
                  <ns1:MobNb>p1:MobNb</ns1:MobNb>
                  <ns1:FaxNb>p1:FaxNb</ns1:FaxNb>
                  <ns1:EmailAdr>p1:EmailAdr</ns1:EmailAdr>
                  <ns1:Othr>p1:Othr</ns1:Othr>
                </ns1:CtctDtls>
              </ns1:Invcee>
              <ns1:AddtlRmtInf>p1:AddtlRmtInf</ns1:AddtlRmtInf>
            </ns1:Strd>
          </ns1:RmtInf>
          <ns1:UltmtDbtr>
            <ns1:Nm>p1:Nm</ns1:Nm>
            <ns1:PstlAdr>
              <ns1:AdrTp>ADDR</ns1:AdrTp>
              <ns1:Dept>p1:Dept</ns1:Dept>
              <ns1:SubDept>p1:SubDept</ns1:SubDept>
              <ns1:StrtNm>p1:StrtNm</ns1:StrtNm>
              <ns1:BldgNb>p1:BldgNb</ns1:BldgNb>
              <ns1:PstCd>p1:PstCd</ns1:PstCd>
              <ns1:TwnNm>p1:TwnNm</ns1:TwnNm>
              <ns1:CtrySubDvsn>p1:CtrySubDvsn</ns1:CtrySubDvsn>
              <ns1:Ctry>p1:Ctry</ns1:Ctry>
              <ns1:AdrLine>p1:AdrLine</ns1:AdrLine>
            </ns1:PstlAdr>
            <ns1:Id>
              <ns1:OrgId>
                <ns1:AnyBIC>p1:AnyBIC</ns1:AnyBIC>
                <ns1:Othr>
                  <ns1:Id>p1:Id</ns1:Id>
                  <ns1:SchmeNm>
                    <ns1:Cd>p1:Cd</ns1:Cd>
                  </ns1:SchmeNm>
                  <ns1:Issr>p1:Issr</ns1:Issr>
                </ns1:Othr>
              </ns1:OrgId>
            </ns1:Id>
            <ns1:CtryOfRes>p1:CtryOfRes</ns1:CtryOfRes>
            <ns1:CtctDtls>
              <ns1:NmPrfx>DOCT</ns1:NmPrfx>
              <ns1:Nm>p1:Nm</ns1:Nm>
              <ns1:PhneNb>p1:PhneNb</ns1:PhneNb>
              <ns1:MobNb>p1:MobNb</ns1:MobNb>
              <ns1:FaxNb>p1:FaxNb</ns1:FaxNb>
              <ns1:EmailAdr>p1:EmailAdr</ns1:EmailAdr>
              <ns1:Othr>p1:Othr</ns1:Othr>
            </ns1:CtctDtls>
          </ns1:UltmtDbtr>
          <ns1:Dbtr>
            <ns1:Nm>p1:Nm</ns1:Nm>
            <ns1:PstlAdr>
              <ns1:AdrTp>ADDR</ns1:AdrTp>
              <ns1:Dept>p1:Dept</ns1:Dept>
              <ns1:SubDept>p1:SubDept</ns1:SubDept>
              <ns1:StrtNm>p1:StrtNm</ns1:StrtNm>
              <ns1:BldgNb>p1:BldgNb</ns1:BldgNb>
              <ns1:PstCd>p1:PstCd</ns1:PstCd>
              <ns1:TwnNm>p1:TwnNm</ns1:TwnNm>
              <ns1:CtrySubDvsn>p1:CtrySubDvsn</ns1:CtrySubDvsn>
              <ns1:Ctry>p1:Ctry</ns1:Ctry>
              <ns1:AdrLine>p1:AdrLine</ns1:AdrLine>
            </ns1:PstlAdr>
            <ns1:Id>
              <ns1:OrgId>
                <ns1:AnyBIC>p1:AnyBIC</ns1:AnyBIC>
                <ns1:Othr>
                  <ns1:Id>p1:Id</ns1:Id>
                  <ns1:SchmeNm>
                    <ns1:Cd>p1:Cd</ns1:Cd>
                  </ns1:SchmeNm>
                  <ns1:Issr>p1:Issr</ns1:Issr>
                </ns1:Othr>
              </ns1:OrgId>
            </ns1:Id>
            <ns1:CtryOfRes>p1:CtryOfRes</ns1:CtryOfRes>
            <ns1:CtctDtls>
              <ns1:NmPrfx>DOCT</ns1:NmPrfx>
              <ns1:Nm>p1:Nm</ns1:Nm>
              <ns1:PhneNb>p1:PhneNb</ns1:PhneNb>
              <ns1:MobNb>p1:MobNb</ns1:MobNb>
              <ns1:FaxNb>p1:FaxNb</ns1:FaxNb>
              <ns1:EmailAdr>p1:EmailAdr</ns1:EmailAdr>
              <ns1:Othr>p1:Othr</ns1:Othr>
            </ns1:CtctDtls>
          </ns1:Dbtr>
          <ns1:DbtrAcct>
            <ns1:Id>
              <ns1:IBAN>p1:IBAN</ns1:IBAN>
            </ns1:Id>
            <ns1:Tp>
              <ns1:Cd>p1:Cd</ns1:Cd>
            </ns1:Tp>
            <ns1:Ccy>p1:Ccy</ns1:Ccy>
            <ns1:Nm>p1:Nm</ns1:Nm>
          </ns1:DbtrAcct>
          <ns1:DbtrAgt>
            <ns1:FinInstnId>
              <ns1:BICFI>p1:BICFI</ns1:BICFI>
              <ns1:ClrSysMmbId>
                <ns1:ClrSysId>
                  <ns1:Cd>p1:Cd</ns1:Cd>
                </ns1:ClrSysId>
                <ns1:MmbId>p1:MmbId</ns1:MmbId>
              </ns1:ClrSysMmbId>
              <ns1:Nm>p1:Nm</ns1:Nm>
              <ns1:PstlAdr>
                <ns1:AdrTp>ADDR</ns1:AdrTp>
                <ns1:Dept>p1:Dept</ns1:Dept>
                <ns1:SubDept>p1:SubDept</ns1:SubDept>
                <ns1:StrtNm>p1:StrtNm</ns1:StrtNm>
                <ns1:BldgNb>p1:BldgNb</ns1:BldgNb>
                <ns1:PstCd>p1:PstCd</ns1:PstCd>
                <ns1:TwnNm>p1:TwnNm</ns1:TwnNm>
                <ns1:CtrySubDvsn>p1:CtrySubDvsn</ns1:CtrySubDvsn>
                <ns1:Ctry>p1:Ctry</ns1:Ctry>
                <ns1:AdrLine>p1:AdrLine</ns1:AdrLine>
              </ns1:PstlAdr>
              <ns1:Othr>
                <ns1:Id>p1:Id</ns1:Id>
                <ns1:SchmeNm>
                  <ns1:Cd>p1:Cd</ns1:Cd>
                </ns1:SchmeNm>
                <ns1:Issr>p1:Issr</ns1:Issr>
              </ns1:Othr>
            </ns1:FinInstnId>
            <ns1:BrnchId>
              <ns1:Id>p1:Id</ns1:Id>
              <ns1:Nm>p1:Nm</ns1:Nm>
              <ns1:PstlAdr>
                <ns1:AdrTp>ADDR</ns1:AdrTp>
                <ns1:Dept>p1:Dept</ns1:Dept>
                <ns1:SubDept>p1:SubDept</ns1:SubDept>
                <ns1:StrtNm>p1:StrtNm</ns1:StrtNm>
                <ns1:BldgNb>p1:BldgNb</ns1:BldgNb>
                <ns1:PstCd>p1:PstCd</ns1:PstCd>
                <ns1:TwnNm>p1:TwnNm</ns1:TwnNm>
                <ns1:CtrySubDvsn>p1:CtrySubDvsn</ns1:CtrySubDvsn>
                <ns1:Ctry>p1:Ctry</ns1:Ctry>
                <ns1:AdrLine>p1:AdrLine</ns1:AdrLine>
              </ns1:PstlAdr>
            </ns1:BrnchId>
          </ns1:DbtrAgt>
          <ns1:DbtrAgtAcct>
            <ns1:Id>
              <ns1:IBAN>p1:IBAN</ns1:IBAN>
            </ns1:Id>
            <ns1:Tp>
              <ns1:Cd>p1:Cd</ns1:Cd>
            </ns1:Tp>
            <ns1:Ccy>p1:Ccy</ns1:Ccy>
            <ns1:Nm>p1:Nm</ns1:Nm>
          </ns1:DbtrAgtAcct>
          <ns1:CdtrAgt>
            <ns1:FinInstnId>
              <ns1:BICFI>p1:BICFI</ns1:BICFI>
              <ns1:ClrSysMmbId>
                <ns1:ClrSysId>
                  <ns1:Cd>p1:Cd</ns1:Cd>
                </ns1:ClrSysId>
                <ns1:MmbId>p1:MmbId</ns1:MmbId>
              </ns1:ClrSysMmbId>
              <ns1:Nm>p1:Nm</ns1:Nm>
              <ns1:PstlAdr>
                <ns1:AdrTp>ADDR</ns1:AdrTp>
                <ns1:Dept>p1:Dept</ns1:Dept>
                <ns1:SubDept>p1:SubDept</ns1:SubDept>
                <ns1:StrtNm>p1:StrtNm</ns1:StrtNm>
                <ns1:BldgNb>p1:BldgNb</ns1:BldgNb>
                <ns1:PstCd>p1:PstCd</ns1:PstCd>
                <ns1:TwnNm>p1:TwnNm</ns1:TwnNm>
                <ns1:CtrySubDvsn>p1:CtrySubDvsn</ns1:CtrySubDvsn>
                <ns1:Ctry>p1:Ctry</ns1:Ctry>
                <ns1:AdrLine>p1:AdrLine</ns1:AdrLine>
              </ns1:PstlAdr>
              <ns1:Othr>
                <ns1:Id>p1:Id</ns1:Id>
                <ns1:SchmeNm>
                  <ns1:Cd>p1:Cd</ns1:Cd>
                </ns1:SchmeNm>
                <ns1:Issr>p1:Issr</ns1:Issr>
              </ns1:Othr>
            </ns1:FinInstnId>
            <ns1:BrnchId>
              <ns1:Id>p1:Id</ns1:Id>
              <ns1:Nm>p1:Nm</ns1:Nm>
              <ns1:PstlAdr>
                <ns1:AdrTp>ADDR</ns1:AdrTp>
                <ns1:Dept>p1:Dept</ns1:Dept>
                <ns1:SubDept>p1:SubDept</ns1:SubDept>
                <ns1:StrtNm>p1:StrtNm</ns1:StrtNm>
                <ns1:BldgNb>p1:BldgNb</ns1:BldgNb>
                <ns1:PstCd>p1:PstCd</ns1:PstCd>
                <ns1:TwnNm>p1:TwnNm</ns1:TwnNm>
                <ns1:CtrySubDvsn>p1:CtrySubDvsn</ns1:CtrySubDvsn>
                <ns1:Ctry>p1:Ctry</ns1:Ctry>
                <ns1:AdrLine>p1:AdrLine</ns1:AdrLine>
              </ns1:PstlAdr>
            </ns1:BrnchId>
          </ns1:CdtrAgt>
          <ns1:CdtrAgtAcct>
            <ns1:Id>
              <ns1:IBAN>p1:IBAN</ns1:IBAN>
            </ns1:Id>
            <ns1:Tp>
              <ns1:Cd>p1:Cd</ns1:Cd>
            </ns1:Tp>
            <ns1:Ccy>p1:Ccy</ns1:Ccy>
            <ns1:Nm>p1:Nm</ns1:Nm>
          </ns1:CdtrAgtAcct>
          <ns1:Cdtr>
            <ns1:Nm>p1:Nm</ns1:Nm>
            <ns1:PstlAdr>
              <ns1:AdrTp>ADDR</ns1:AdrTp>
              <ns1:Dept>p1:Dept</ns1:Dept>
              <ns1:SubDept>p1:SubDept</ns1:SubDept>
              <ns1:StrtNm>p1:StrtNm</ns1:StrtNm>
              <ns1:BldgNb>p1:BldgNb</ns1:BldgNb>
              <ns1:PstCd>p1:PstCd</ns1:PstCd>
              <ns1:TwnNm>p1:TwnNm</ns1:TwnNm>
              <ns1:CtrySubDvsn>p1:CtrySubDvsn</ns1:CtrySubDvsn>
              <ns1:Ctry>p1:Ctry</ns1:Ctry>
              <ns1:AdrLine>p1:AdrLine</ns1:AdrLine>
            </ns1:PstlAdr>
            <ns1:Id>
              <ns1:OrgId>
                <ns1:AnyBIC>p1:AnyBIC</ns1:AnyBIC>
                <ns1:Othr>
                  <ns1:Id>p1:Id</ns1:Id>
                  <ns1:SchmeNm>
                    <ns1:Cd>p1:Cd</ns1:Cd>
                  </ns1:SchmeNm>
                  <ns1:Issr>p1:Issr</ns1:Issr>
                </ns1:Othr>
              </ns1:OrgId>
            </ns1:Id>
            <ns1:CtryOfRes>p1:CtryOfRes</ns1:CtryOfRes>
            <ns1:CtctDtls>
              <ns1:NmPrfx>DOCT</ns1:NmPrfx>
              <ns1:Nm>p1:Nm</ns1:Nm>
              <ns1:PhneNb>p1:PhneNb</ns1:PhneNb>
              <ns1:MobNb>p1:MobNb</ns1:MobNb>
              <ns1:FaxNb>p1:FaxNb</ns1:FaxNb>
              <ns1:EmailAdr>p1:EmailAdr</ns1:EmailAdr>
              <ns1:Othr>p1:Othr</ns1:Othr>
            </ns1:CtctDtls>
          </ns1:Cdtr>
          <ns1:CdtrAcct>
            <ns1:Id>
              <ns1:IBAN>p1:IBAN</ns1:IBAN>
            </ns1:Id>
            <ns1:Tp>
              <ns1:Cd>p1:Cd</ns1:Cd>
            </ns1:Tp>
            <ns1:Ccy>p1:Ccy</ns1:Ccy>
            <ns1:Nm>p1:Nm</ns1:Nm>
          </ns1:CdtrAcct>
          <ns1:UltmtCdtr>
            <ns1:Nm>p1:Nm</ns1:Nm>
            <ns1:PstlAdr>
              <ns1:AdrTp>ADDR</ns1:AdrTp>
              <ns1:Dept>p1:Dept</ns1:Dept>
              <ns1:SubDept>p1:SubDept</ns1:SubDept>
              <ns1:StrtNm>p1:StrtNm</ns1:StrtNm>
              <ns1:BldgNb>p1:BldgNb</ns1:BldgNb>
              <ns1:PstCd>p1:PstCd</ns1:PstCd>
              <ns1:TwnNm>p1:TwnNm</ns1:TwnNm>
              <ns1:CtrySubDvsn>p1:CtrySubDvsn</ns1:CtrySubDvsn>
              <ns1:Ctry>p1:Ctry</ns1:Ctry>
              <ns1:AdrLine>p1:AdrLine</ns1:AdrLine>
            </ns1:PstlAdr>
            <ns1:Id>
              <ns1:OrgId>
                <ns1:AnyBIC>p1:AnyBIC</ns1:AnyBIC>
                <ns1:Othr>
                  <ns1:Id>p1:Id</ns1:Id>
                  <ns1:SchmeNm>
                    <ns1:Cd>p1:Cd</ns1:Cd>
                  </ns1:SchmeNm>
                  <ns1:Issr>p1:Issr</ns1:Issr>
                </ns1:Othr>
              </ns1:OrgId>
            </ns1:Id>
            <ns1:CtryOfRes>p1:CtryOfRes</ns1:CtryOfRes>
            <ns1:CtctDtls>
              <ns1:NmPrfx>DOCT</ns1:NmPrfx>
              <ns1:Nm>p1:Nm</ns1:Nm>
              <ns1:PhneNb>p1:PhneNb</ns1:PhneNb>
              <ns1:MobNb>p1:MobNb</ns1:MobNb>
              <ns1:FaxNb>p1:FaxNb</ns1:FaxNb>
              <ns1:EmailAdr>p1:EmailAdr</ns1:EmailAdr>
              <ns1:Othr>p1:Othr</ns1:Othr>
            </ns1:CtctDtls>
          </ns1:UltmtCdtr>
        </ns1:OrgnlTxRef>
        <ns1:SplmtryData>
          <ns1:PlcAndNm>p1:PlcAndNm</ns1:PlcAndNm>
          <ns1:Envlp>
            <ns1:Document xsi:type="ns1:Document">
              <ns1:CstmrPmtStsRpt/>
            </ns1:Document>
          </ns1:Envlp>
        </ns1:SplmtryData>
      </ns1:TxInfAndSts>
    </ns1:OrgnlPmtInfAndSts>
    <ns1:SplmtryData>
      <ns1:PlcAndNm>p1:PlcAndNm</ns1:PlcAndNm>
      <ns1:Envlp>
        <ns1:Document xsi:type="ns1:Document">
          <ns1:CstmrPmtStsRpt/>
        </ns1:Document>
      </ns1:Envlp>
    </ns1:SplmtryData>
  </ns0:OutwardTrfRspnV01>
</body>