<?xml version="1.0" encoding="UTF-8"?><ns0:smo xmlns:ns0="http://www.ibm.com/websphere/sibx/smo/v6.0.1" xmlns:ns1="http://schemas.xmlsoap.org/ws/2004/08/addressing" xmlns:ns4="http://www.ibm.com/xmlns/prod/websphere/http/sca/6.1.0" xmlns:ns5="http://www.w3.org/2005/08/addressing" xmlns:ns6="urn:tcb:iso:20022:xsd:ft.001.001.01" xmlns:ns7="urn:iso:std:iso:20022:tech:xsd:pain.002.001.05" xmlns:soap12="http://www.w3.org/2003/05/soap-envelope" xmlns:xsi="http://www.w3.org/2001/XMLSchema-instance">
  <context>
    <correlation/>
    <transient>
      <CreateDate>2001-12-31T12:00:00.000+07:00</CreateDate>
      <HttpUserId>HttpUserId</HttpUserId>
      <HttpPassword>HttpPassword</HttpPassword>
      <IsLogging>true</IsLogging>
    </transient>
    <failInfo>
      <failureString>failureString</failureString>
      <origin>origin</origin>
      <invocationPath>
        <primitive inTerminal="" name="" outTerminal=""/>
      </invocationPath>
      <predecessor/>
    </failInfo>
    <primitiveContext>
      <EndpointLookupContext>
        <endpointReference>
          <ns1:Address>http://tempuri.org</ns1:Address>
          <ns1:ReferenceProperties/>
          <ns1:ReferenceParameters/>
          <ns1:PortType>QName</ns1:PortType>
          <ns1:ServiceName PortName="NCName">QName</ns1:ServiceName>
        </endpointReference>
        <registryAnnotations>
          <property>
            <name>name</name>
            <value>value</value>
          </property>
          <classification>http://tempuri.org</classification>
          <relationship>
            <relationshipName>relationshipName</relationshipName>
            <targetName>targetName</targetName>
            <targetNamespace>http://tempuri.org</targetNamespace>
            <targetVersion>targetVersion</targetVersion>
          </relationship>
        </registryAnnotations>
      </EndpointLookupContext>
      <FanOutContext>
        <iteration>0</iteration>
        <occurrence/>
      </FanOutContext>
      <WTXContext>
        <mapServerLocation>http://tempuri.org</mapServerLocation>
        <dynamicMap>0F00</dynamicMap>
        <mapInstances>
          <mapInstance>0</mapInstance>
          <auditInfo>auditInfo</auditInfo>
        </mapInstances>
      </WTXContext>
    </primitiveContext>
    <shared/>
    <dynamicProperty isPropagated="true">
      <propertySets>
        <group>group</group>
        <properties>
          <name>name</name>
          <value>value</value>
          <type>type</type>
        </properties>
      </propertySets>
    </dynamicProperty>
    <userContext>
      <entries>
        <name>name</name>
        <value/>
        <type>type</type>
      </entries>
    </userContext>
  </context>
  <headers>
    <SMOHeader>
      <MessageUUID>MessageUUID</MessageUUID>
      <Version>
        <Version>0</Version>
        <Release>0</Release>
        <Modification>0</Modification>
      </Version>
      <MessageType>MessageType</MessageType>
      <Operation>Operation</Operation>
      <Action>Action</Action>
      <Target bindingType="NotSet" import="" repositoryMetadata="">
        <address>http://tempuri.org</address>
      </Target>
      <AlternateTarget bindingType="NotSet" import="" repositoryMetadata="">
        <address>http://tempuri.org</address>
      </AlternateTarget>
      <SourceNode>SourceNode</SourceNode>
      <SourceBindingType>NotSet</SourceBindingType>
      <Interface>Interface</Interface>
    </SMOHeader>
    <JMSHeader>
      <JMSDestination>http://tempuri.org</JMSDestination>
      <JMSDeliveryMode>NonPersistent</JMSDeliveryMode>
      <JMSMessageID>JMSMessageID</JMSMessageID>
      <JMSTimestamp>0</JMSTimestamp>
      <JMSCorrelationID>JMSCorrelationID</JMSCorrelationID>
      <JMSReplyTo>http://tempuri.org</JMSReplyTo>
      <JMSRedelivered>true</JMSRedelivered>
      <JMSType>JMSType</JMSType>
      <JMSExpiration>0</JMSExpiration>
      <JMSPriority>0</JMSPriority>
    </JMSHeader>
    <SOAPHeader>
      <nameSpace>http://tempuri.org</nameSpace>
      <name>NCName</name>
      <prefix>NCName</prefix>
      <value/>
    </SOAPHeader>
    <SOAPFaultInfo>
      <faultcode>QName</faultcode>
      <faultstring>faultstring</faultstring>
      <faultactor>http://tempuri.org</faultactor>
      <extendedFaultInfo>
        <Code>
          <soap12:Value>ns2://www.w3.org/2003/05/soap-envelope}DataEncodingUnknown</soap12:Value>
          <soap12:Subcode>
            <soap12:Value>QName</soap12:Value>
            <soap12:Subcode/>
          </soap12:Subcode>
        </Code>
        <Reason>
          <soap12:Text>tns4:Text</soap12:Text>
        </Reason>
        <Node>http://tempuri.org</Node>
        <Role>http://tempuri.org</Role>
      </extendedFaultInfo>
    </SOAPFaultInfo>
    <properties>
      <name>name</name>
      <value>value</value>
      <type>type</type>
    </properties>
    <MQHeader>
      <md>
        <Report>0</Report>
        <MsgType>0</MsgType>
        <Expiry>0</Expiry>
        <Feedback>0</Feedback>
        <Priority>0</Priority>
        <Persistence>0</Persistence>
        <MsgId>0F00</MsgId>
        <CorrelId>0F00</CorrelId>
        <BackoutCount>0</BackoutCount>
        <ReplyToQ>ReplyToQ</ReplyToQ>
        <ReplyToQMgr>ReplyToQMgr</ReplyToQMgr>
        <UserIdentifier>UserIdentifier</UserIdentifier>
        <AccountingToken>0F00</AccountingToken>
        <ApplIdentityData>ApplIdentityData</ApplIdentityData>
        <PutApplType>0</PutApplType>
        <PutApplName>PutApplName</PutApplName>
        <PutDate>PutDate</PutDate>
        <PutTime>PutTime</PutTime>
        <ApplOriginData>ApplOriginData</ApplOriginData>
        <GroupId>0F00</GroupId>
        <MsgSeqNumber>0</MsgSeqNumber>
        <Offset>0</Offset>
        <MsgFlags>0</MsgFlags>
        <OriginalLength>0</OriginalLength>
      </md>
      <control/>
      <header>
        <Encoding>0</Encoding>
        <CodedCharSetId>0</CodedCharSetId>
        <Format>Format</Format>
        <value/>
      </header>
    </MQHeader>
    <HTTPHeader>
      <control>
        <ns4:URL>http://tempuri.org</ns4:URL>
        <ns4:Version>1.0</ns4:Version>
        <ns4:Method>httpsca:Method</ns4:Method>
        <ns4:DynamicOverrideURL>http://tempuri.org</ns4:DynamicOverrideURL>
        <ns4:DynamicOverrideVersion>1.0</ns4:DynamicOverrideVersion>
        <ns4:DynamicOverrideMethod>httpsca:DynamicOverrideMethod</ns4:DynamicOverrideMethod>
        <ns4:MediaType>httpsca:MediaType</ns4:MediaType>
        <ns4:Charset>httpsca:Charset</ns4:Charset>
        <ns4:TransferEncoding>httpsca:TransferEncoding</ns4:TransferEncoding>
        <ns4:ContentEncoding>httpsca:ContentEncoding</ns4:ContentEncoding>
        <ns4:StatusCode>0</ns4:StatusCode>
        <ns4:ReasonPhrase>httpsca:ReasonPhrase</ns4:ReasonPhrase>
        <ns4:ContentLength>0</ns4:ContentLength>
        <ns4:ExportContextPath>httpsca:ExportContextPath</ns4:ExportContextPath>
        <ns4:Authentication>
          <ns4:credentials>
            <ns4:userId>httpsca:userId</ns4:userId>
            <ns4:password>httpsca:password</ns4:password>
          </ns4:credentials>
          <ns4:authenticationType>Basic</ns4:authenticationType>
        </ns4:Authentication>
        <ns4:SSLSettings>
          <ns4:SSLVersion>SSL</ns4:SSLVersion>
          <ns4:SSLDebug>false</ns4:SSLDebug>
          <ns4:KeyStoreType>JKS</ns4:KeyStoreType>
          <ns4:TrustStoreType>JKS</ns4:TrustStoreType>
          <ns4:KeyStore>httpsca:KeyStore</ns4:KeyStore>
          <ns4:KeyStoreAlias>httpsca:KeyStoreAlias</ns4:KeyStoreAlias>
          <ns4:KeyStorePassword>httpsca:KeyStorePassword</ns4:KeyStorePassword>
          <ns4:TrustStore>httpsca:TrustStore</ns4:TrustStore>
          <ns4:TrustStorePassword>httpsca:TrustStorePassword</ns4:TrustStorePassword>
          <ns4:UseClientAuth>false</ns4:UseClientAuth>
        </ns4:SSLSettings>
        <ns4:ProxySettings>
          <ns4:proxyHost>httpsca:proxyHost</ns4:proxyHost>
          <ns4:proxyPort>0</ns4:proxyPort>
          <ns4:proxyType>http</ns4:proxyType>
          <ns4:proxyCredentials>
            <ns4:userId>httpsca:userId</ns4:userId>
            <ns4:password>httpsca:password</ns4:password>
          </ns4:proxyCredentials>
          <ns4:nonProxyHost>httpsca:nonProxyHost</ns4:nonProxyHost>
        </ns4:ProxySettings>
      </control>
      <header>
        <ns4:name>httpsca:name</ns4:name>
        <ns4:value>httpsca:value</ns4:value>
      </header>
    </HTTPHeader>
    <EISHeader>
      <EISInteractionSpec/>
      <EISConnectionSpec/>
    </EISHeader>
    <WSAHeader version="http://www.w3.org/2005/08/addressing">
      <ns5:To>http://tempuri.org</ns5:To>
      <ReferenceParameters/>
      <ns5:From>
        <ns5:Address>http://tempuri.org</ns5:Address>
        <ns5:ReferenceParameters/>
        <ns5:Metadata/>
      </ns5:From>
      <ns5:ReplyTo>
        <ns5:Address>http://tempuri.org</ns5:Address>
        <ns5:ReferenceParameters/>
        <ns5:Metadata/>
      </ns5:ReplyTo>
      <ns5:FaultTo>
        <ns5:Address>http://tempuri.org</ns5:Address>
        <ns5:ReferenceParameters/>
        <ns5:Metadata/>
      </ns5:FaultTo>
      <ns5:Action>http://tempuri.org</ns5:Action>
      <ns5:MessageID>http://tempuri.org</ns5:MessageID>
      <ns5:RelatesTo RelationshipType="http://www.w3.org/2005/08/addressing/reply">http://tempuri.org</ns5:RelatesTo>
    </WSAHeader>
  </headers>
  <body>
    <ns6:IntlTrfRspnV01>
      <ns7:GrpHdr>
        <ns7:MsgId>p2:MsgId</ns7:MsgId>
        <ns7:CreDtTm>2001-12-31T12:00:00.000+07:00</ns7:CreDtTm>
        <ns7:InitgPty>
          <ns7:Nm>p2:Nm</ns7:Nm>
          <ns7:PstlAdr>
            <ns7:AdrTp>ADDR</ns7:AdrTp>
            <ns7:Dept>p2:Dept</ns7:Dept>
            <ns7:SubDept>p2:SubDept</ns7:SubDept>
            <ns7:StrtNm>p2:StrtNm</ns7:StrtNm>
            <ns7:BldgNb>p2:BldgNb</ns7:BldgNb>
            <ns7:PstCd>p2:PstCd</ns7:PstCd>
            <ns7:TwnNm>p2:TwnNm</ns7:TwnNm>
            <ns7:CtrySubDvsn>p2:CtrySubDvsn</ns7:CtrySubDvsn>
            <ns7:Ctry>p2:Ctry</ns7:Ctry>
            <ns7:AdrLine>p2:AdrLine</ns7:AdrLine>
          </ns7:PstlAdr>
          <ns7:Id>
            <ns7:OrgId>
              <ns7:AnyBIC>p2:AnyBIC</ns7:AnyBIC>
              <ns7:Othr>
                <ns7:Id>p2:Id</ns7:Id>
                <ns7:SchmeNm>
                  <ns7:Cd>p2:Cd</ns7:Cd>
                </ns7:SchmeNm>
                <ns7:Issr>p2:Issr</ns7:Issr>
              </ns7:Othr>
            </ns7:OrgId>
          </ns7:Id>
          <ns7:CtryOfRes>p2:CtryOfRes</ns7:CtryOfRes>
          <ns7:CtctDtls>
            <ns7:NmPrfx>DOCT</ns7:NmPrfx>
            <ns7:Nm>p2:Nm</ns7:Nm>
            <ns7:PhneNb>p2:PhneNb</ns7:PhneNb>
            <ns7:MobNb>p2:MobNb</ns7:MobNb>
            <ns7:FaxNb>p2:FaxNb</ns7:FaxNb>
            <ns7:EmailAdr>p2:EmailAdr</ns7:EmailAdr>
            <ns7:Othr>p2:Othr</ns7:Othr>
          </ns7:CtctDtls>
        </ns7:InitgPty>
        <ns7:FwdgAgt>
          <ns7:FinInstnId>
            <ns7:BICFI>p2:BICFI</ns7:BICFI>
            <ns7:ClrSysMmbId>
              <ns7:ClrSysId>
                <ns7:Cd>p2:Cd</ns7:Cd>
              </ns7:ClrSysId>
              <ns7:MmbId>p2:MmbId</ns7:MmbId>
            </ns7:ClrSysMmbId>
            <ns7:Nm>p2:Nm</ns7:Nm>
            <ns7:PstlAdr>
              <ns7:AdrTp>ADDR</ns7:AdrTp>
              <ns7:Dept>p2:Dept</ns7:Dept>
              <ns7:SubDept>p2:SubDept</ns7:SubDept>
              <ns7:StrtNm>p2:StrtNm</ns7:StrtNm>
              <ns7:BldgNb>p2:BldgNb</ns7:BldgNb>
              <ns7:PstCd>p2:PstCd</ns7:PstCd>
              <ns7:TwnNm>p2:TwnNm</ns7:TwnNm>
              <ns7:CtrySubDvsn>p2:CtrySubDvsn</ns7:CtrySubDvsn>
              <ns7:Ctry>p2:Ctry</ns7:Ctry>
              <ns7:AdrLine>p2:AdrLine</ns7:AdrLine>
            </ns7:PstlAdr>
            <ns7:Othr>
              <ns7:Id>p2:Id</ns7:Id>
              <ns7:SchmeNm>
                <ns7:Cd>p2:Cd</ns7:Cd>
              </ns7:SchmeNm>
              <ns7:Issr>p2:Issr</ns7:Issr>
            </ns7:Othr>
          </ns7:FinInstnId>
          <ns7:BrnchId>
            <ns7:Id>p2:Id</ns7:Id>
            <ns7:Nm>p2:Nm</ns7:Nm>
            <ns7:PstlAdr>
              <ns7:AdrTp>ADDR</ns7:AdrTp>
              <ns7:Dept>p2:Dept</ns7:Dept>
              <ns7:SubDept>p2:SubDept</ns7:SubDept>
              <ns7:StrtNm>p2:StrtNm</ns7:StrtNm>
              <ns7:BldgNb>p2:BldgNb</ns7:BldgNb>
              <ns7:PstCd>p2:PstCd</ns7:PstCd>
              <ns7:TwnNm>p2:TwnNm</ns7:TwnNm>
              <ns7:CtrySubDvsn>p2:CtrySubDvsn</ns7:CtrySubDvsn>
              <ns7:Ctry>p2:Ctry</ns7:Ctry>
              <ns7:AdrLine>p2:AdrLine</ns7:AdrLine>
            </ns7:PstlAdr>
          </ns7:BrnchId>
        </ns7:FwdgAgt>
        <ns7:DbtrAgt>
          <ns7:FinInstnId>
            <ns7:BICFI>p2:BICFI</ns7:BICFI>
            <ns7:ClrSysMmbId>
              <ns7:ClrSysId>
                <ns7:Cd>p2:Cd</ns7:Cd>
              </ns7:ClrSysId>
              <ns7:MmbId>p2:MmbId</ns7:MmbId>
            </ns7:ClrSysMmbId>
            <ns7:Nm>p2:Nm</ns7:Nm>
            <ns7:PstlAdr>
              <ns7:AdrTp>ADDR</ns7:AdrTp>
              <ns7:Dept>p2:Dept</ns7:Dept>
              <ns7:SubDept>p2:SubDept</ns7:SubDept>
              <ns7:StrtNm>p2:StrtNm</ns7:StrtNm>
              <ns7:BldgNb>p2:BldgNb</ns7:BldgNb>
              <ns7:PstCd>p2:PstCd</ns7:PstCd>
              <ns7:TwnNm>p2:TwnNm</ns7:TwnNm>
              <ns7:CtrySubDvsn>p2:CtrySubDvsn</ns7:CtrySubDvsn>
              <ns7:Ctry>p2:Ctry</ns7:Ctry>
              <ns7:AdrLine>p2:AdrLine</ns7:AdrLine>
            </ns7:PstlAdr>
            <ns7:Othr>
              <ns7:Id>p2:Id</ns7:Id>
              <ns7:SchmeNm>
                <ns7:Cd>p2:Cd</ns7:Cd>
              </ns7:SchmeNm>
              <ns7:Issr>p2:Issr</ns7:Issr>
            </ns7:Othr>
          </ns7:FinInstnId>
          <ns7:BrnchId>
            <ns7:Id>p2:Id</ns7:Id>
            <ns7:Nm>p2:Nm</ns7:Nm>
            <ns7:PstlAdr>
              <ns7:AdrTp>ADDR</ns7:AdrTp>
              <ns7:Dept>p2:Dept</ns7:Dept>
              <ns7:SubDept>p2:SubDept</ns7:SubDept>
              <ns7:StrtNm>p2:StrtNm</ns7:StrtNm>
              <ns7:BldgNb>p2:BldgNb</ns7:BldgNb>
              <ns7:PstCd>p2:PstCd</ns7:PstCd>
              <ns7:TwnNm>p2:TwnNm</ns7:TwnNm>
              <ns7:CtrySubDvsn>p2:CtrySubDvsn</ns7:CtrySubDvsn>
              <ns7:Ctry>p2:Ctry</ns7:Ctry>
              <ns7:AdrLine>p2:AdrLine</ns7:AdrLine>
            </ns7:PstlAdr>
          </ns7:BrnchId>
        </ns7:DbtrAgt>
        <ns7:CdtrAgt>
          <ns7:FinInstnId>
            <ns7:BICFI>p2:BICFI</ns7:BICFI>
            <ns7:ClrSysMmbId>
              <ns7:ClrSysId>
                <ns7:Cd>p2:Cd</ns7:Cd>
              </ns7:ClrSysId>
              <ns7:MmbId>p2:MmbId</ns7:MmbId>
            </ns7:ClrSysMmbId>
            <ns7:Nm>p2:Nm</ns7:Nm>
            <ns7:PstlAdr>
              <ns7:AdrTp>ADDR</ns7:AdrTp>
              <ns7:Dept>p2:Dept</ns7:Dept>
              <ns7:SubDept>p2:SubDept</ns7:SubDept>
              <ns7:StrtNm>p2:StrtNm</ns7:StrtNm>
              <ns7:BldgNb>p2:BldgNb</ns7:BldgNb>
              <ns7:PstCd>p2:PstCd</ns7:PstCd>
              <ns7:TwnNm>p2:TwnNm</ns7:TwnNm>
              <ns7:CtrySubDvsn>p2:CtrySubDvsn</ns7:CtrySubDvsn>
              <ns7:Ctry>p2:Ctry</ns7:Ctry>
              <ns7:AdrLine>p2:AdrLine</ns7:AdrLine>
            </ns7:PstlAdr>
            <ns7:Othr>
              <ns7:Id>p2:Id</ns7:Id>
              <ns7:SchmeNm>
                <ns7:Cd>p2:Cd</ns7:Cd>
              </ns7:SchmeNm>
              <ns7:Issr>p2:Issr</ns7:Issr>
            </ns7:Othr>
          </ns7:FinInstnId>
          <ns7:BrnchId>
            <ns7:Id>p2:Id</ns7:Id>
            <ns7:Nm>p2:Nm</ns7:Nm>
            <ns7:PstlAdr>
              <ns7:AdrTp>ADDR</ns7:AdrTp>
              <ns7:Dept>p2:Dept</ns7:Dept>
              <ns7:SubDept>p2:SubDept</ns7:SubDept>
              <ns7:StrtNm>p2:StrtNm</ns7:StrtNm>
              <ns7:BldgNb>p2:BldgNb</ns7:BldgNb>
              <ns7:PstCd>p2:PstCd</ns7:PstCd>
              <ns7:TwnNm>p2:TwnNm</ns7:TwnNm>
              <ns7:CtrySubDvsn>p2:CtrySubDvsn</ns7:CtrySubDvsn>
              <ns7:Ctry>p2:Ctry</ns7:Ctry>
              <ns7:AdrLine>p2:AdrLine</ns7:AdrLine>
            </ns7:PstlAdr>
          </ns7:BrnchId>
        </ns7:CdtrAgt>
      </ns7:GrpHdr>
      <ns7:OrgnlGrpInfAndSts>
        <ns7:OrgnlMsgId>p2:OrgnlMsgId</ns7:OrgnlMsgId>
        <ns7:OrgnlMsgNmId>p2:OrgnlMsgNmId</ns7:OrgnlMsgNmId>
        <ns7:OrgnlCreDtTm>2001-12-31T12:00:00.000+07:00</ns7:OrgnlCreDtTm>
        <ns7:OrgnlNbOfTxs>p2:OrgnlNbOfTxs</ns7:OrgnlNbOfTxs>
        <ns7:OrgnlCtrlSum>0.0</ns7:OrgnlCtrlSum>
        <ns7:GrpSts>ACTC</ns7:GrpSts>
        <ns7:StsRsnInf>
          <ns7:Orgtr>
            <ns7:Nm>p2:Nm</ns7:Nm>
            <ns7:PstlAdr>
              <ns7:AdrTp>ADDR</ns7:AdrTp>
              <ns7:Dept>p2:Dept</ns7:Dept>
              <ns7:SubDept>p2:SubDept</ns7:SubDept>
              <ns7:StrtNm>p2:StrtNm</ns7:StrtNm>
              <ns7:BldgNb>p2:BldgNb</ns7:BldgNb>
              <ns7:PstCd>p2:PstCd</ns7:PstCd>
              <ns7:TwnNm>p2:TwnNm</ns7:TwnNm>
              <ns7:CtrySubDvsn>p2:CtrySubDvsn</ns7:CtrySubDvsn>
              <ns7:Ctry>p2:Ctry</ns7:Ctry>
              <ns7:AdrLine>p2:AdrLine</ns7:AdrLine>
            </ns7:PstlAdr>
            <ns7:Id>
              <ns7:OrgId>
                <ns7:AnyBIC>p2:AnyBIC</ns7:AnyBIC>
                <ns7:Othr>
                  <ns7:Id>p2:Id</ns7:Id>
                  <ns7:SchmeNm>
                    <ns7:Cd>p2:Cd</ns7:Cd>
                  </ns7:SchmeNm>
                  <ns7:Issr>p2:Issr</ns7:Issr>
                </ns7:Othr>
              </ns7:OrgId>
            </ns7:Id>
            <ns7:CtryOfRes>p2:CtryOfRes</ns7:CtryOfRes>
            <ns7:CtctDtls>
              <ns7:NmPrfx>DOCT</ns7:NmPrfx>
              <ns7:Nm>p2:Nm</ns7:Nm>
              <ns7:PhneNb>p2:PhneNb</ns7:PhneNb>
              <ns7:MobNb>p2:MobNb</ns7:MobNb>
              <ns7:FaxNb>p2:FaxNb</ns7:FaxNb>
              <ns7:EmailAdr>p2:EmailAdr</ns7:EmailAdr>
              <ns7:Othr>p2:Othr</ns7:Othr>
            </ns7:CtctDtls>
          </ns7:Orgtr>
          <ns7:Rsn>
            <ns7:Cd>p2:Cd</ns7:Cd>
          </ns7:Rsn>
          <ns7:AddtlInf>err1</ns7:AddtlInf>
          <ns7:AddtlInf>err2</ns7:AddtlInf>
        </ns7:StsRsnInf>
        <ns7:NbOfTxsPerSts>
          <ns7:DtldNbOfTxs>p2:DtldNbOfTxs</ns7:DtldNbOfTxs>
          <ns7:DtldSts>ACTC</ns7:DtldSts>
          <ns7:DtldCtrlSum>0.0</ns7:DtldCtrlSum>
        </ns7:NbOfTxsPerSts>
      </ns7:OrgnlGrpInfAndSts>
      <ns7:OrgnlPmtInfAndSts>
        <ns7:OrgnlPmtInfId>FEE</ns7:OrgnlPmtInfId>
        <ns7:TxInfAndSts>
          <ns7:StsId>CHG2010026532</ns7:StsId>
          <ns7:TxSts>RJCT</ns7:TxSts>
          <ns7:StsRsnInf>
            <ns7:Rsn>
              <ns7:Prtry>TCB-000099</ns7:Prtry>
            </ns7:Rsn>
            <ns7:AddtlInf>XXXOUNT:1:1=INPUT MISSING111</ns7:AddtlInf>
            <ns7:AddtlInf>CHARGE.AMOUNT:1:1=INPUT MISSING22</ns7:AddtlInf>
          </ns7:StsRsnInf>
        </ns7:TxInfAndSts>
      </ns7:OrgnlPmtInfAndSts>
      <ns7:SplmtryData>
        <ns7:PlcAndNm>p2:PlcAndNm</ns7:PlcAndNm>
        <ns7:Envlp>
          <ns7:Document xsi:type="ns7:Document">
            <ns7:CstmrPmtStsRpt/>
          </ns7:Document>
        </ns7:Envlp>
      </ns7:SplmtryData>
    </ns6:IntlTrfRspnV01>
  </body>
  <attachments>
    <contentID>http://tempuri.org</contentID>
    <contentType>token</contentType>
    <data>MA==</data>
  </attachments>
</ns0:smo>