<?xml version="1.0" encoding="UTF-8" ?>
<!DOCTYPE log4j:configuration SYSTEM "log4j.dtd">
<log4j:configuration debug="true"
                     xmlns:log4j='http://jakarta.apache.org/log4j/'>

    <appender name="console" class="org.apache.log4j.ConsoleAppender">
        <layout class="org.apache.log4j.PatternLayout">
            <param name="ConversionPattern"
                   value="%d{yyyy-MM-dd HH:mm:ss} %-5p %c{1}:%L - %m%n"/>
        </layout>
    </appender>

    <appender name="roll-by-size" class="org.apache.log4j.rolling.RollingFileAppender">
        <rollingPolicy class="org.apache.log4j.rolling.TimeBasedRollingPolicy">
            <param name="ActiveFileName" value="../logs/startBPD.log"/>
            <param name="FileNamePattern" value="../logs/startBPD.%d{MM-dd-yyyy-HH-mm}.%i.log.gz"/>
        </rollingPolicy>
        <triggeringPolicy class="org.apache.log4j.rolling.SizeBasedTriggeringPolicy">
            <param name="MaxFileSize" value="10000000"/>
        </triggeringPolicy>
        <layout class="org.apache.log4j.PatternLayout">
            <param name="ConversionPattern" value="%d{yyyy-MM-dd HH:mm:ss} %-5p %m%n"/>
        </layout>
    </appender>

    <root>
        <level value="DEBUG"/>
        <appender-ref ref="console"/>
        <appender-ref ref="roll-by-size"/>
    </root>

</log4j:configuration>