<?xml version="1.0" encoding="UTF-8"?>
<!--
 IBM Confidential
 OCO Source Materials
 5724-N42
 (c) Copyright IBM Corporation 2006, 2009
 The source code for this program is not published or otherwise
 divested of its trade secrets, irrespective of what has been
 deposited with the U.S. Copyright Office.
-->
<connector id="Connector_ID" version="1.5" xmlns="http://java.sun.com/xml/ns/j2ee" xmlns:xsi="http://www.w3.org/2001/XMLSchema-instance" xsi:schemaLocation="http://java.sun.com/xml/ns/j2ee http://java.sun.com/xml/ns/j2ee/connector_1_5.xsd"> 
	<display-name>IBM WebSphere Adapter for FTP</display-name>
 	<vendor-name>IBM</vendor-name>
  	<eis-type>Remote File System</eis-type>
  	<resourceadapter-version>7.5.0.5</resourceadapter-version>
	<license>
		<description></description>
		<license-required>true</license-required>
	</license>
  	                                 
  	<resourceadapter>
  		<resourceadapter-class>com.ibm.j2ca.ftp.FTPFileResourceAdapter</resourceadapter-class>
	<config-property>
 	   <config-property-name>BaseAFCVersion</config-property-name> 
 		 <config-property-type>java.lang.String</config-property-type> 
 		 <config-property-value>7.5.0.5</config-property-value> 
  </config-property>	
		<config-property>
			<config-property-name>adapterID</config-property-name>
			<config-property-type>java.lang.String</config-property-type>
		</config-property>
		<config-property>
			<config-property-name>logFilename</config-property-name>
			<config-property-type>java.lang.String</config-property-type>
		</config-property>
		<config-property>
			<config-property-name>logFileSize</config-property-name>
			<config-property-type>java.lang.Integer</config-property-type>
		</config-property>
		<config-property>
			<config-property-name>logNumberOfFiles</config-property-name>
			<config-property-type>java.lang.Integer</config-property-type>
		</config-property>
		<config-property>
			<config-property-name>traceFilename</config-property-name>
			<config-property-type>java.lang.String</config-property-type>
		</config-property>
		<config-property>
			<config-property-name>traceFileSize</config-property-name>
			<config-property-type>java.lang.Integer</config-property-type>
		</config-property>
		<config-property>
			<config-property-name>traceNumberOfFiles</config-property-name>
			<config-property-type>java.lang.Integer</config-property-type>
		</config-property>
		<config-property>
			<config-property-name>raeisEncoding</config-property-name>
			<config-property-type>java.lang.String</config-property-type>
		</config-property>
  		<outbound-resourceadapter>
  			<connection-definition>
  				<managedconnectionfactory-class>com.ibm.j2ca.ftp.FTPFileManagedConnectionFactory</managedconnectionfactory-class>
  				<!-- <config-property>
					<config-property-name>ftpUrl</config-property-name>
					<config-property-type>java.lang.String</config-property-type>
				</config-property>-->
				<config-property>
					<config-property-name>hostName</config-property-name>
					<config-property-type>java.lang.String</config-property-type>
				</config-property>
				<config-property>
					<config-property-name>portNumber</config-property-name>
					<config-property-type>java.lang.Integer</config-property-type>
				</config-property>
				<config-property>
					<config-property-name>protocol</config-property-name>
					<config-property-type>java.lang.String</config-property-type>
				</config-property>
				<config-property>
					<config-property-name>outputDirectory</config-property-name>
					<config-property-type>java.lang.String</config-property-type>
				</config-property>				
				<config-property>
					<config-property-name>userName</config-property-name>
					<config-property-type>java.lang.String</config-property-type>
				</config-property>
				<config-property>
					<config-property-name>password</config-property-name>
					<config-property-type>java.lang.String</config-property-type>
				</config-property>
				<config-property>
					<config-property-name>socksProxyHost</config-property-name>
					<config-property-type>java.lang.String</config-property-type>
				</config-property>
				<config-property>
					<config-property-name>socksProxyPort</config-property-name>
					<config-property-type>java.lang.Integer</config-property-type>
				</config-property>
				<config-property>
					<config-property-name>socksProxyUsername</config-property-name>
					<config-property-type>java.lang.String</config-property-type>
				</config-property>
				<config-property>
					<config-property-name>socksProxyPassword</config-property-name>
					<config-property-type>java.lang.String</config-property-type>
				</config-property>
				<config-property>
					<config-property-name>customParserClassName</config-property-name>
					<config-property-type>java.lang.String</config-property-type>
				</config-property>
				<config-property>
					<config-property-name>eisEncoding</config-property-name>
					<config-property-type>java.lang.String</config-property-type>
				</config-property>
				<config-property>
					<config-property-name>stagingDirectory</config-property-name>
					<config-property-type>java.lang.String</config-property-type>
				</config-property>
				<config-property>
					<config-property-name>secondServerHostName</config-property-name>
					<config-property-type>java.lang.String</config-property-type>
				</config-property>
				<config-property>
					<config-property-name>secondServerPortNumber</config-property-name>
					<config-property-type>java.lang.Integer</config-property-type>
				</config-property>
				<config-property>
					<config-property-name>secondServerProtocol</config-property-name>
					<config-property-type>java.lang.String</config-property-type>
				</config-property>
				<config-property>
					<config-property-name>secondServerDirectory</config-property-name>
					<config-property-type>java.lang.String</config-property-type>
				</config-property>
				<config-property>
					<config-property-name>secondServerUsername</config-property-name>
					<config-property-type>java.lang.String</config-property-type>
				</config-property>
				<config-property>
					<config-property-name>secondServerPassword</config-property-name>
					<config-property-type>java.lang.String</config-property-type>
				</config-property>
  				<connectionfactory-interface>javax.resource.cci.ConnectionFactory</connectionfactory-interface>
  				<connectionfactory-impl-class>com.ibm.j2ca.ftp.FTPFileConnectionFactory</connectionfactory-impl-class>
  				<connection-interface>javax.resource.cci.Connection</connection-interface>
  				<connection-impl-class>com.ibm.j2ca.ftp.FTPFileConnection</connection-impl-class>
  			</connection-definition>
  			<transaction-support>NoTransaction</transaction-support>
  			<authentication-mechanism>
				<authentication-mechanism-type>BasicPassword</authentication-mechanism-type>
				<credential-interface>javax.resource.spi.security.PasswordCredential</credential-interface>
			</authentication-mechanism>
  			<reauthentication-support>false</reauthentication-support>
  		</outbound-resourceadapter>
  		
	    <inbound-resourceadapter>
	       	<messageadapter>
	       		<messagelistener>
	       			<messagelistener-type>commonj.connector.runtime.InboundListener</messagelistener-type>
	       			<activationspec>
	       				<activationspec-class>com.ibm.j2ca.ftp.FTPFileActivationSpec</activationspec-class>
		       				
		       				<!-- <required-config-property><config-property-name>ep_DataSource_JNDIName</config-property-name></required-config-property>
		       				<required-config-property><config-property-name>ep_TableName</config-property-name></required-config-property>-->
		       				
		       				<required-config-property><config-property-name>eventDirectory</config-property-name></required-config-property>
		       				<required-config-property><config-property-name>eventFileMask</config-property-name></required-config-property>
		       				<required-config-property><config-property-name>ftpGetQuantity</config-property-name></required-config-property>
		       				<required-config-property><config-property-name>ftpPollFrequency</config-property-name></required-config-property>
		       				<required-config-property><config-property-name>localEventDirectory</config-property-name></required-config-property>
		       				
		       				<required-config-property><config-property-name>pollPeriod</config-property-name></required-config-property>
		       				<required-config-property><config-property-name>pollQuantity</config-property-name></required-config-property>
		       				<!-- <required-config-property><config-property-name>BONamespace</config-property-name></required-config-property> -->
		       				<!-- <required-config-property><config-property-name>filterFutureEvents</config-property-name></required-config-property> -->
		       				
	       			</activationspec>
	       		</messagelistener>
	       		<messagelistener>
				<messagelistener-type>com.ibm.j2ca.base.ExtendedInboundListener</messagelistener-type>
				<activationspec>
					<activationspec-class>com.ibm.j2ca.ftp.FTPFileActivationSpec</activationspec-class>

						<!-- <required-config-property><config-property-name>ep_DataSource_JNDIName</config-property-name></required-config-property>
						<required-config-property><config-property-name>ep_TableName</config-property-name></required-config-property>
						-->
						<required-config-property><config-property-name>hostName</config-property-name></required-config-property>
						<required-config-property><config-property-name>portNumber</config-property-name></required-config-property>
						<required-config-property><config-property-name>protocol</config-property-name></required-config-property>
						<required-config-property><config-property-name>eventDirectory</config-property-name></required-config-property>
						
						<required-config-property><config-property-name>eventFileMask</config-property-name></required-config-property>
						<required-config-property><config-property-name>ftpGetQuantity</config-property-name></required-config-property>
						<required-config-property><config-property-name>ftpPollFrequency</config-property-name></required-config-property>
						<required-config-property><config-property-name>localEventDirectory</config-property-name></required-config-property>

						<required-config-property><config-property-name>pollPeriod</config-property-name></required-config-property>
						<required-config-property><config-property-name>pollQuantity</config-property-name></required-config-property>
						<!--<required-config-property><config-property-name>BONamespace</config-property-name></required-config-property> -->
						<!--<required-config-property><config-property-name>filterFutureEvents</config-property-name></required-config-property> -->

				</activationspec>
	       		</messagelistener>
				
				<messagelistener>
				<messagelistener-type>com.ibm.j2ca.ftp.FTPFileInboundListener</messagelistener-type>
				<activationspec>
					<activationspec-class>com.ibm.j2ca.ftp.FTPFileActivationSpecWithHA</activationspec-class>

						<!-- <required-config-property><config-property-name>ep_DataSource_JNDIName</config-property-name></required-config-property>
						<required-config-property><config-property-name>ep_TableName</config-property-name></required-config-property>
						-->
						<required-config-property><config-property-name>hostName</config-property-name></required-config-property>
						<required-config-property><config-property-name>portNumber</config-property-name></required-config-property>
						<required-config-property><config-property-name>protocol</config-property-name></required-config-property>
						<required-config-property><config-property-name>eventDirectory</config-property-name></required-config-property>
						
						<required-config-property><config-property-name>eventFileMask</config-property-name></required-config-property>
						<required-config-property><config-property-name>ftpGetQuantity</config-property-name></required-config-property>
						<required-config-property><config-property-name>ftpPollFrequency</config-property-name></required-config-property>
						<required-config-property><config-property-name>localEventDirectory</config-property-name></required-config-property>

						<required-config-property><config-property-name>pollPeriod</config-property-name></required-config-property>
						<required-config-property><config-property-name>pollQuantity</config-property-name></required-config-property>
						<!--<required-config-property><config-property-name>BONamespace</config-property-name></required-config-property> -->
						<!--<required-config-property><config-property-name>filterFutureEvents</config-property-name></required-config-property> -->

				</activationspec>
	       		</messagelistener>
				
	       	</messageadapter>
	    </inbound-resourceadapter>
	    <security-permission>
        	<security-permission-spec>
      			grant { permission java.security.AllPermission;};
            </security-permission-spec>
        </security-permission>
  	</resourceadapter>
</connector>
