<?xml version="1.0" encoding="UTF-8" ?>
<!DOCTYPE log4j:configuration SYSTEM "log4j.dtd">
<log4j:configuration>
<appender name="BPMAppender"
class="org.apache.log4j.RollingFileAppender">
 <param name="Threshold" value="DEBUG" />
 <param name="File" value="/opt/IBM/BPM/remittance/logs/bpmtrace.log" />
 <param name="MaxBackupIndex" value="50"/>
<param name="MaxFileSize" value="10MB"/>
 <layout class="org.apache.log4j.PatternLayout">
<param name="ConversionPattern" value="%d{ISO8601} [%t] %p
%c %x - %m\r\n" />
 </layout>
 </appender>
<category name="CUSTOMBPMLOGGER" additivity="false">
 <priority value="debug"/>
 <appender-ref ref="BPMAppender"/>
 </category>
</log4j:configuration>