<?xml version="1.0" encoding="UTF-8" ?>
<!DOCTYPE log4j:configuration SYSTEM "log4j.dtd">
<log4j:configuration debug="true"
                     xmlns:log4j='http://jakarta.apache.org/log4j/'>

    <appender name="console" class="org.apache.log4j.ConsoleAppender">
        <layout class="org.apache.log4j.PatternLayout">
            <param name="ConversionPattern"
                   value="%d{yyyy-MM-dd HH:mm:ss} %-5p %c{1}:%L - %m%n" />
        </layout>
    </appender>

    <appender name="roll-by-size" class="org.apache.log4j.rolling.RollingFileAppender">
        <rollingPolicy class="org.apache.log4j.rolling.TimeBasedRollingPolicy">
            <param name="ActiveFileName" value="../logs/swift.log" />
            <param name="FileNamePattern" value="../logs/swift.%d{yy-yyMM-dd-HH-mm}.%i.log.gz" />
        </rollingPolicy>
        <triggeringPolicy class="org.apache.log4j.rolling.SizeBasedTriggeringPolicy">
            <param name="MaxFileSize" value="1000000" />
        </triggeringPolicy>
        <layout class="org.apache.log4j.PatternLayout">
            <param name="ConversionPattern" value="%d{yyyy-MM-dd HH:mm:ss} %-5p %m%n" />
        </layout>
    </appender>
    <appender name="parser" class="org.apache.log4j.rolling.RollingFileAppender">
        <rollingPolicy class="org.apache.log4j.rolling.TimeBasedRollingPolicy">
            <param name="ActiveFileName" value="../logs/error_parser.log" />
            <param name="FileNamePattern" value="../logs/error_parser.%d{yy-yyMM-dd-HH-mm}.%i.log.gz" />
        </rollingPolicy>
        <triggeringPolicy class="org.apache.log4j.rolling.SizeBasedTriggeringPolicy">
            <param name="MaxFileSize" value="1000000" />
        </triggeringPolicy>
        <layout class="org.apache.log4j.PatternLayout">
            <param name="ConversionPattern" value="%d{yyyy-MM-dd HH:mm:ss} %-5p %m%n" />
        </layout>
    </appender>

    <appender name="movefile" class="org.apache.log4j.rolling.RollingFileAppender">
        <rollingPolicy class="org.apache.log4j.rolling.TimeBasedRollingPolicy">
            <param name="ActiveFileName" value="../logs/error_movefile.log" />
            <param name="FileNamePattern" value="../logs/error_movefile.%d{yy-yyMM-dd-HH-mm}.%i.log.gz" />
        </rollingPolicy>
        <triggeringPolicy class="org.apache.log4j.rolling.SizeBasedTriggeringPolicy">
            <param name="MaxFileSize" value="1000000" />
        </triggeringPolicy>
        <layout class="org.apache.log4j.PatternLayout">
            <param name="ConversionPattern" value="%d{yyyy-MM-dd HH:mm:ss} %-5p %m%n" />
        </layout>
    </appender>

    <appender name="insertswift" class="org.apache.log4j.rolling.RollingFileAppender">
        <rollingPolicy class="org.apache.log4j.rolling.TimeBasedRollingPolicy">
            <param name="ActiveFileName" value="../logs/error_insertswift.log" />
            <param name="FileNamePattern" value="../logs/error_insertswift.%d{yy-yyMM-dd-HH-mm}.%i.log.gz" />
        </rollingPolicy>
        <triggeringPolicy class="org.apache.log4j.rolling.SizeBasedTriggeringPolicy">
            <param name="MaxFileSize" value="1000000" />
        </triggeringPolicy>
        <layout class="org.apache.log4j.PatternLayout">
            <param name="ConversionPattern" value="%d{yyyy-MM-dd HH:mm:ss} %-5p %m%n" />
        </layout>
    </appender>

    <appender name="determineswift" class="org.apache.log4j.rolling.RollingFileAppender">
        <rollingPolicy class="org.apache.log4j.rolling.TimeBasedRollingPolicy">
            <param name="ActiveFileName" value="../logs/error_determineswift.log" />
            <param name="FileNamePattern" value="../logs/error_determineswift.%d{yy-yyMM-dd-HH-mm}.%i.log.gz" />
        </rollingPolicy>
        <triggeringPolicy class="org.apache.log4j.rolling.SizeBasedTriggeringPolicy">
            <param name="MaxFileSize" value="1000000" />
        </triggeringPolicy>
        <layout class="org.apache.log4j.PatternLayout">
            <param name="ConversionPattern" value="%d{yyyy-MM-dd HH:mm:ss} %-5p %m%n" />
        </layout>
    </appender>

    <appender name="sendmail" class="org.apache.log4j.rolling.RollingFileAppender">
        <rollingPolicy class="org.apache.log4j.rolling.TimeBasedRollingPolicy">
            <param name="ActiveFileName" value="../logs/error_sendmail.log" />
            <param name="FileNamePattern" value="../logs/error_sendmail.%d{yy-yyMM-dd-HH-mm}.%i.log.gz" />
        </rollingPolicy>
        <triggeringPolicy class="org.apache.log4j.rolling.SizeBasedTriggeringPolicy">
            <param name="MaxFileSize" value="1000000" />
        </triggeringPolicy>
        <layout class="org.apache.log4j.PatternLayout">
            <param name="ConversionPattern" value="%d{yyyy-MM-dd HH:mm:ss} %-5p %m%n" />
        </layout>
    </appender>

    <!--    <root>-->
    <!--        <level value="DEBUG" />-->
    <!--        <appender-ref ref="console" />-->
    <!--        <appender-ref ref="roll-by-size" />-->
    <!--        <appender-ref ref="roll-by-size2" />-->
    <!--    </root>-->
    <logger name="log1">
        <level value="INFO" />
        <appender-ref ref="console" />
        <appender-ref ref="roll-by-size"/>
    </logger>
    <logger name="parser">
        <appender-ref ref="console" />
        <appender-ref ref="parser"/>
    </logger>
    <logger name="movefile">
        <appender-ref ref="console" />
        <appender-ref ref="movefile"/>
    </logger>
    <logger name="insertswift">
        <appender-ref ref="console" />
        <appender-ref ref="insertswift"/>
    </logger>
    <logger name="determineswift">
        <appender-ref ref="console" />
        <appender-ref ref="determineswift"/>
    </logger>
    <logger name="sendmail">
        <appender-ref ref="console" />
        <appender-ref ref="sendmail"/>
    </logger>

</log4j:configuration>