<?xml version="1.0" encoding="UTF-8"?><body xmlns:in="wsdl.http://InRemLib/Mt202CreatingService" xmlns:in2="http://InRemLib/Mt202CreatingService" xmlns:in3="http://InRemLib" xmlns:io="http://schemas.xmlsoap.org/ws/2004/08/addressing" xmlns:io2="http://www.ibm.com/xmlns/prod/websphere/mq/sca/6.0.0" xmlns:io3="http://www.ibm.com/xmlns/prod/websphere/http/sca/6.1.0" xmlns:io4="http://www.w3.org/2005/08/addressing" xmlns:io5="http://www.w3.org/2003/05/soap-envelope" xmlns:io6="http://www.ibm.com/websphere/sibx/smo/v6.0.1" xmlns:out="wsdl.http://www.techcombank.com.vn/services/vision_fx_gold/" xmlns:out2="urn:iso:std:iso:20022:tech:xsd:pain.001.001.05" xmlns:out3="urn:tcb:iso:20022:xsd:cstmft.001.001.01" xmlns:out4="urn:tcb:iso:20022:xsd:ft.001.001.01" xmlns:out5="urn:iso:std:iso:20022:tech:xsd:pain.002.001.05" xmlns:out6="urn:iso:std:iso:20022:tech:xsd:pain.007.001.04" xmlns:out7="urn:iso:std:iso:20022:tech:xsd:pain.011.001.03" xmlns:xs="http://www.w3.org/2001/XMLSchema" xmlns:xs4xs="http://www.w3.org/2001/XMLSchema" xmlns:xsi="http://www.w3.org/2001/XMLSchema-instance" xsi:type="out:OutwardFTRequest">
  <out4:OutwardTrfReqV01>
    <out2:GrpHdr>
      <out2:MsgId>hpt_iw_mt202_1</out2:MsgId>
      <out2:CreDtTm>2017-08-19T03:01:40</out2:CreDtTm>
      <out2:NbOfTxs>4</out2:NbOfTxs>
      <out2:InitgPty>
        <out2:Nm>BPMMT202</out2:Nm>
        <out2:Id>
          <out2:OrgId>
            <out2:Othr>
              <out2:Id>VN0010001</out2:Id>
            </out2:Othr>
          </out2:OrgId>
        </out2:Id>
      </out2:InitgPty>
    </out2:GrpHdr>
    <out2:PmtInf>
      <out2:PmtInfId>454545</out2:PmtInfId>
      <out2:PmtMtd>TRF</out2:PmtMtd>
      <out2:ReqdExctnDt>2017-08-19</out2:ReqdExctnDt>
      <out2:Dbtr>
        <out2:Nm>10199999</out2:Nm>
      </out2:Dbtr>
      <out2:DbtrAcct>
        <out2:Id>
          <out2:Othr>
            <out2:Id>USD1112109990001</out2:Id>
          </out2:Othr>
        </out2:Id>
      </out2:DbtrAcct>
      <out2:DbtrAgt>
        <out2:FinInstnId/>
      </out2:DbtrAgt>
      <out2:DbtrAmt>
        <out2:InstdAmt>105</out2:InstdAmt>
      </out2:DbtrAmt>
      <out2:ChrgBr>CRED</out2:ChrgBr>
      <out2:ChrgsAcct>
        <out2:Id>
          <out2:Othr>
            <out2:Id>19429080954023</out2:Id>
          </out2:Othr>
        </out2:Id>
      </out2:ChrgsAcct>
      <out2:CdtTrfTxInf>
        <out2:PmtId>
          <out2:InstrId>FT18082082158455/BNK</out2:InstrId>
          <out2:EndToEndId>NULL</out2:EndToEndId>
        </out2:PmtId>
        <out2:Amt>
          <out2:InstdAmt xmlns:bons1="http://InRemLib/Mt202CreatingService" xmlns:bons11="http://InRemLib" xmlns:httpsca="http://www.ibm.com/xmlns/prod/websphere/http/sca/6.1.0" xmlns:mq="http://www.ibm.com/xmlns/prod/websphere/mq/sca/6.0.0" xmlns:smo="http://www.ibm.com/websphere/sibx/smo/v6.0.1" xmlns:tns="http://www.w3.org/2005/08/addressing" xmlns:tns1="http://www.w3.org/2003/05/soap-envelope" xmlns:tns_1="wsdl.http://InRemLib/Mt202CreatingService" xmlns:wsa="http://schemas.xmlsoap.org/ws/2004/08/addressing">967</out2:InstdAmt>
        </out2:Amt>
        <out2:CdtrAgt>
          <out2:FinInstnId>
            <out2:Othr>
              <out2:Id>SW-CZNBKRSEXXX</out2:Id>
            </out2:Othr>
          </out2:FinInstnId>
        </out2:CdtrAgt>
        <out2:CdtrAgtAcct>
          <out2:Id>
            <out2:Othr>
              <out2:Id>10110140123011</out2:Id>
            </out2:Othr>
          </out2:Id>
        </out2:CdtrAgtAcct>
        <out2:CdtrAcct>
          <out2:Id>
            <out2:Othr>
              <out2:Id>1245454545</out2:Id>
            </out2:Othr>
          </out2:Id>
          <out2:Nm>//FW1212454</out2:Nm>
        </out2:CdtrAcct>
        <out2:InstrForCdtrAgt>
          <out2:InstrInf>/ACC/RETURN FOR MT103</out2:InstrInf>
        </out2:InstrForCdtrAgt>
        <out2:SplmtryData>
          <out2:Envlp>
            <out2:CstmTrfInf>
              <out3:PdctTp>240200</out3:PdctTp>
              <out3:PrftCntrlDept>312</out3:PrftCntrlDept>
              <out3:TcbCstmr>99998888</out3:TcbCstmr>
              <out3:TcbDept>1011500</out3:TcbDept>
              <out3:Nrrtv>TRA LAI TIEN VE</out3:Nrrtv>
              <out3:ComssnInf>
                <out3:ComssnTp>FGbons11EFUSE</out3:ComssnTp>
                <out3:ComssnAmt>USD30</out3:ComssnAmt>
              </out3:ComssnInf>
              <out3:DbtRef>10110140123011</out3:DbtRef>
              <out3:UltmtCdtr>
                <out3:Id>REF20</out3:Id>
              </out3:UltmtCdtr>
            </out2:CstmTrfInf>
          </out2:Envlp>
        </out2:SplmtryData>
      </out2:CdtTrfTxInf>
    </out2:PmtInf>
  </out4:OutwardTrfReqV01>
</body>